title,link,source,time_raw,content,news_type,sentiment,ai_industries,ai_concepts,impact,ai_companies
重拳出击！严查酒类产品五大违法违规行为,https://finance.eastmoney.com/a/202603153672454519.html,eastmoney,2026年03月15日 22:36,,政策,-0.5,['酒、饮料和精制茶制造业'],['白酒概念'],8.0,[]
市场监管总局彻查“3·15”晚会曝光的相关违法行为 全力维护消费者合法权益,https://finance.eastmoney.com/a/202603153672454440.html,eastmoney,2026年03月15日 22:36,,政策,1.0,"['其他制造业', '批发业', '零售业']",['食品安全'],8.0,[]
杭州市监部门通报安立身“增高骗局”：已对该企业立案调查,https://finance.eastmoney.com/a/202603153672453868.html,eastmoney,2026年03月15日 22:36,,其他,-0.8,[],['食品安全'],8.0,[]
荐股骗局天顺私募冒名公司2024年7月已注销,https://finance.eastmoney.com/a/202603153672452351.html,eastmoney,2026年03月15日 22:34,,其他,-0.5,[],"['金融', '证券']",8.0,[]
中国互金协会：OpenClaw在互金行业应用存在四大风险,https://finance.eastmoney.com/a/202603153672451725.html,eastmoney,2026年03月15日 22:32,,行业,-0.5,"['互联网和相关服务', '软件和信息技术服务业', '其他金融业']","['互联网金融', '区块链', '数字货币', '数据安全', '人工智能']",7.0,[]
中国互金协会：高度警惕“养虾理财”等名义的金融诈骗活动,https://finance.eastmoney.com/a/202603153672451337.html,eastmoney,2026年03月15日 22:32,,其他,-0.5,['其他金融业'],['互联网金融'],8.0,[]
市场监管总局：彻查“3·15”晚会曝光的相关违法行为 全力维护消费者合法权益,https://finance.eastmoney.com/a/202603153672449990.html,eastmoney,2026年03月15日 22:27,,政策,0.5,"['货币金融服务', '其他金融业']","['互联网金融', '数字货币']",7.0,[]
个人贷款 大消息！金融监管总局、央行重要发布,https://finance.eastmoney.com/a/202603153672449363.html,eastmoney,2026年03月15日 22:27,,政策,-0.5,"['其他金融业', '公共设施管理业']",['食品安全'],8.0,[]
市场监管总局：彻查“3·15”晚会曝光的相关违法行为,https://finance.eastmoney.com/a/202603153672448592.html,eastmoney,2026年03月15日 22:25,,政策,0.8,"['其他金融业', '零售业', '批发业', '其他制造业']",['食品安全'],9.0,[]
市场监管总局彻查“3·15”晚会曝光的相关违法行为，全力维护消费者合法权益,https://finance.eastmoney.com/a/202603153672455488.html,eastmoney,2026年03月15日 22:23,,政策,0.5,"['食品制造业', '农副食品加工业']",['食品安全'],8.0,[]
重庆市场监督管理局：将在全市范围内开展食品安全突出问题综合治理,https://finance.eastmoney.com/a/202603153672455391.html,eastmoney,2026年03月15日 22:20,,政策,0.6,"['货币金融服务', '其他金融业']","['互联网金融', '互联网保险', '金融科技']",8.0,[]
个贷息费乱象迎强监管！金融监管总局、央行两部门发文：息费全面透明化 对机构、借款人有何实质影响？,https://finance.eastmoney.com/a/202603153672445613.html,eastmoney,2026年03月15日 22:18,,政策,0.5,"['货币金融服务', '其他金融业']","['互联网金融', '金融科技']",8.0,[]
两部委推行“个人贷款综合融资成本明示表” 推动贷款成本阳光化、透明化,https://finance.eastmoney.com/a/202603153672444412.html,eastmoney,2026年03月15日 22:13,,政策,0.8,"['货币金融服务', '其他金融业']","['互联网金融', '金融科技']",7.0,[]
金融监管总局、央行负责人就《个人贷款业务明示综合融资成本规定》答记者问,https://finance.eastmoney.com/a/202603153672455575.html,eastmoney,2026年03月15日 22:13,,其他,-0.5,"['互联网和相关服务', '软件和信息技术服务业', '其他金融业']","['AI', 'AI大模型', '网红经济', '荐股分成']",8.0,[]
8月1日起，个贷息费将强制公开，禁止收取任何未明示费用,https://finance.eastmoney.com/a/202603153672444381.html,eastmoney,2026年03月15日 22:09,,政策,0.2,['酒、饮料和精制茶制造业'],['白酒概念'],7.0,[]
更透明！个人贷款综合融资成本将向借款人明示,https://finance.eastmoney.com/a/202603153672442693.html,eastmoney,2026年03月15日 22:07,,政策,0.5,"['货币金融服务', '其他金融业']","['互联网金融', '互联网保险', '数字货币', '数据安全', '数据要素', '金融科技']",8.0,[]
网红“万能神药”外泌体、AI大模型遭“投毒”、“荐股分成”骗局 今年的315晚会曝光了这些问题,https://finance.eastmoney.com/a/202603153672416773.html,eastmoney,2026年03月15日 20:03,,政策,-0.5,['酒、饮料和精制茶制造业'],['白酒概念'],8.0,[]
市场监管总局部署各地从严治理酒类产品突出问题,https://finance.eastmoney.com/a/202603153672446884.html,eastmoney,2026年03月15日 22:02,,其他,-0.8,"['道路运输业', '零售业']","['两轮车', '网约车']",9.0,['哈啰']
国家金融监督管理总局 中国人民银行发布《个人贷款业务明示综合融资成本规定》,https://finance.eastmoney.com/a/202603153672442337.html,eastmoney,2026年03月15日 22:01,,其他,0.8,"['其他制造业', '电力、热力生产和供应业', '房屋建筑业', '土木工程建筑业', '建筑装饰、装修和其他建筑业']","['地区生产总值', '重庆2026年发展计划']",7.0,[]
市场监管总局部署各地从严治理 酒类产品突出问题,https://finance.eastmoney.com/a/202603153672442253.html,eastmoney,2026年03月15日 22:00,,其他,0.5,"['其他制造业', '电力、热力生产和供应业', '航空航天相关制造业']",['商业航天'],7.0,[]
最快竟达75公里/小时！哈啰租电动车违反新国标，被央视315点名,https://finance.eastmoney.com/a/202603153672441614.html,eastmoney,2026年03月15日 21:55,,其他,0.5,"['电力、热力生产和供应业', '房屋建筑业', '土木工程建筑业', '建筑安装业', '建筑装饰、装修和其他建筑业']","['共同富裕示范区', '新型城镇化', '乡村振兴']",7.0,[]
地区生产总值增5%+ 重庆2026年发展计划发布,https://finance.eastmoney.com/a/202603153672440620.html,eastmoney,2026年03月15日 21:52,,公司,0.0,"['互联网和相关服务', '软件和信息技术服务业']",[],0.0,['上海钧哈网络科技有限公司']
我国成功发射遥感五十号02星,https://finance.eastmoney.com/a/202603153672438718.html,eastmoney,2026年03月15日 21:51,,其他,0.0,"['互联网和相关服务', '软件和信息技术服务业']",['共享单车'],5.0,['哈啰']
重庆2026年发展计划发布 地区生产总值增5%+,https://finance.eastmoney.com/a/202603153672437943.html,eastmoney,2026年03月15日 21:49,,政策,0.5,"['其他制造业', '电力、热力生产和供应业', '燃气生产和供应业', '水的生产和供应业', '批发业', '零售业', '交通运输业', '邮政业', '住宿业', '餐饮业', '电信、广播电视和卫星传输服务', '互联网和相关服务', '软件和信息技术服务业', '货币金融服务', '资本市场服务', '保险业', '其他金融业', '房地产业', '租赁业', '商务服务业', '公共设施管理业', '教育', '卫生', '新闻和出版业', '广播、电视、电影和录音制作业', '文化艺术业', '体育', '综合']",['食品安全'],7.0,[]
上海钧哈网络科技有限公司多家分支机构已注销,https://finance.eastmoney.com/a/202603153672435413.html,eastmoney,2026年03月15日 21:43,,行业,-0.6,"['医药制造业', '其他制造业', '卫生', '医疗美容']",['医美概念'],8.0,[]
哈啰回应被315晚会点名,https://finance.eastmoney.com/a/202603153672434965.html,eastmoney,2026年03月15日 21:39,,其他,0.0,[],['全球发展学院'],0.0,[]
最高检：将保持严惩伪劣商品犯罪高压态势，深挖上下游产业链,https://finance.eastmoney.com/a/202603153672436852.html,eastmoney,2026年03月15日 21:38,,政策,0.8,"['其他制造业', '计算机、通信和其他电子设备制造业', '软件和信息技术服务业']","['数字经济', '数智化', '高质量发展']",9.0,[]
3·15晚会曝光外泌体医美抗衰乱象，涉事生产企业2024年销售总额约183万元,https://finance.eastmoney.com/a/202603153672436936.html,eastmoney,2026年03月15日 21:36,,其他,0.8,['综合'],"['招聘', '人才引进']",7.0,[]
商务部部长王文涛出席全球发展学院成立大会,https://finance.eastmoney.com/a/202603153672429426.html,eastmoney,2026年03月15日 21:28,,行业,0.2,"['货币金融服务', '其他金融业']",['助贷新规'],7.0,[]
“十五五”规划纲要首提数智化，高质量发展仍是核心主线,https://finance.eastmoney.com/a/202603153672430981.html,eastmoney,2026年03月15日 21:22,,其他,0.5,['其他金融业'],"['AI', '人工智能']",7.0,[]
“百万英才汇南粤”2026年春季大型综合招聘会开幕 首日12万求职者入场,https://finance.eastmoney.com/a/202603153672430622.html,eastmoney,2026年03月15日 21:18,,公司,-0.5,"['其他金融业', '互联网和相关服务', '软件和信息技术服务业']","['互联网和相关服务', '软件和信息技术服务业', '其他金融业']",8.0,['耍吧文化']
2月信贷结构分化：居民偏弱企业托底，助贷新规影响延续,https://finance.eastmoney.com/a/202603153672431024.html,eastmoney,2026年03月15日 21:14,,其他,-0.8,"['农副食品加工业', '食品制造业', '零售业']",['食品安全'],9.0,[]
今年卖方分析师转买方的尤其多？薪酬与发展空间性价比推动新选择,https://finance.eastmoney.com/a/202603153672429684.html,eastmoney,2026年03月15日 21:13,,公司,-0.5,['其他制造业'],['知识产权保护'],8.0,['德脊瑞']
私域营销涉事公司耍吧文化连续多年0人参保,https://finance.eastmoney.com/a/202603153672427038.html,eastmoney,2026年03月15日 21:12,,公司,-0.3,"['其他金融业', '医药制造业', '卫生']",['医美概念'],7.0,['新氧']
央视315晚会曝光漂白鸡爪：多个网购平台紧急下架“乖媳妇泡椒鸡爪”,https://finance.eastmoney.com/a/202603153672430744.html,eastmoney,2026年03月15日 21:04,,公司,-0.5,['其他制造业'],[],5.0,['英瑞可']
315曝光增高公司德脊瑞曾侵权易烊千玺被告,https://finance.eastmoney.com/a/202603153672424634.html,eastmoney,2026年03月15日 21:03,,政策,-0.5,"['农副食品加工业', '食品制造业']",['食品安全'],8.0,[]
新氧回应销售“外泌体医美项目”：已下架,https://finance.eastmoney.com/a/202603153672423768.html,eastmoney,2026年03月15日 21:02,,其他,0.5,[],[],0.0,[]
315曝光的增高公司英瑞可无任何专利,https://finance.eastmoney.com/a/202603153672423313.html,eastmoney,2026年03月15日 20:59,,公司,0.8,['铁路、船舶、航空航天和其他运输设备制造业'],['商业航天'],8.0,['箭元科技']
四川市场监督管理局：针对漂白鸡爪等问题 将在全省范围开展食品生产加工专项整治行动,https://finance.eastmoney.com/a/202603153672423286.html,eastmoney,2026年03月15日 20:58,,其他,0.0,[],[],0.0,[]
一财社论：更加积极的财政政策如何才能物尽其用,https://finance.eastmoney.com/a/202603153672426295.html,eastmoney,2026年03月15日 20:55,,公司,-0.8,"['卫生', '医疗']","['民营医院', '医美概念']",9.0,['华美紫馨整形外科医院']
箭元科技“元行者一号”可回收运载火箭预计2026年底首飞,https://finance.eastmoney.com/a/202603153672422317.html,eastmoney,2026年03月15日 20:49,,公司,-0.5,"['卫生', '医疗']",['医美概念'],8.0,['美莱医学美容医院']
问题增高机构安立身已注册相关商标,https://finance.eastmoney.com/a/202603153672422194.html,eastmoney,2026年03月15日 20:48,,其他,-0.5,"['卫生', '其他金融业']",['食品安全'],7.0,[]
外泌体涉事华美紫馨整形外科医院曾多次被罚,https://finance.eastmoney.com/a/202603153672421864.html,eastmoney,2026年03月15日 20:46,,公司,-0.8,"['农副食品加工业', '食品制造业']",['食品安全'],9.0,['曾巧食品']
外泌体涉事美莱医学美容医院曾多次被罚,https://finance.eastmoney.com/a/202603153672421643.html,eastmoney,2026年03月15日 20:44,,行业,0.8,"['其他制造业', '电力、热力生产和供应业', '建筑装饰、装修和其他建筑业', '批发业', '零售业', '铁路运输业', '道路运输业', '航空运输业', '装卸搬运和仓储业', '邮政业', '住宿业', '餐饮业', '电信、广播电视和卫星传输服务', '互联网和相关服务', '软件和信息技术服务业', '货币金融服务', '资本市场服务', '保险业', '其他金融业', '房地产业', '租赁业', '商务服务业', '公共设施管理业', '教育', '卫生', '新闻和出版业', '广播、电视、电影和录音制作业', '文化艺术业', '体育']","['自由贸易港', '长三角一体化', '工业互联网', '数字经济', '智慧城市', '新基建', '人工智能', '5G', '云计算', '物联网', '数据安全', '数据要素', '数据中心', '数字孪生', '算力租赁', '元宇宙', '新能源汽车', '储能', '锂电池概念', '高端装备', '智能制造', '数字化转型', 'AI', '智能穿戴', '智能座舱', '无人驾驶', '车联网(车路协同)']",9.0,[]
315晚会曝光增高骗局 近2%的康养相关企业曾出现经营异常,https://finance.eastmoney.com/a/202603153672421328.html,eastmoney,2026年03月15日 20:43,,公司,-0.5,['医药制造业'],"['基因测序', '创新药']",8.0,['源创基因']
315曝光漂白鸡爪公司曾巧食品多款产品抽检不合格,https://finance.eastmoney.com/a/202603153672422871.html,eastmoney,2026年03月15日 20:43,,政策,0.8,"['其他制造业', '电力、热力生产和供应业', '燃气生产和供应业', '水的生产和供应业', '批发业', '零售业', '其他金融业', '房地产业', '租赁业', '商务服务业', '公共设施管理业', '教育', '卫生', '新闻和出版业', '广播、电视、电影和录音制作业', '文化艺术业', '体育', '综合']","['食品安全', '数字孪生', '数据安全', '数据要素', '数字经济', '智慧城市', '智慧政务', '智能电网', '智能医疗', '智能物流', '智能建筑']",7.0,[]
上海制造业投资数据狂飙，全球重仓上海“产业闭环”,https://finance.eastmoney.com/a/202603153672421792.html,eastmoney,2026年03月15日 20:42,,其他,-0.5,[],[],0.0,[]
“外泌体”涉事公司源创基因多项专利被驳回,https://finance.eastmoney.com/a/202603153672421281.html,eastmoney,2026年03月15日 20:42,,公司,0.2,['计算机、通信和其他电子设备制造业'],"['AI手机', '国产操作系统', '华为概念', '小米概念']",5.0,['追觅']
护航品质消费 2025年以来市场监管总局发布相关国家标准660多项,https://finance.eastmoney.com/a/202603153672439715.html,eastmoney,2026年03月15日 20:42,,公司,-0.5,"['医药制造业', '其他制造业']","['创新药', '细胞免疫治疗', '生物医药']",7.0,['诚星医疗']
起底315曝光外泌体公司,https://finance.eastmoney.com/a/202603153672421176.html,eastmoney,2026年03月15日 20:40,,其他,0.8,"['互联网和相关服务', '软件和信息技术服务业', '货币金融服务', '其他金融业']","['AI', '人工智能', '金融创新']",7.0,[]
扫地机起家的追觅造10万元天价手机，叫板华为小米，却跑着努比亚系统？,https://finance.eastmoney.com/a/202603153672425635.html,eastmoney,2026年03月15日 20:38,,公司,-0.5,"['农副食品加工业', '食品制造业']",['食品安全'],8.0,['海霸王']
外泌体公司诚星医疗商标均已被驳回,https://finance.eastmoney.com/a/202603153672420647.html,eastmoney,2026年03月15日 20:37,,其他,-0.5,"['卫生', '医药制造业', '医美概念']",['医美概念'],8.0,[]
亚洲银行家2026上海国际金融创新峰会开幕，解锁金融与人工智能创新生态,https://finance.eastmoney.com/a/202603153672440827.html,eastmoney,2026年03月15日 20:34,,公司,0.5,"['农业', '食品制造业']",['食品安全'],7.0,['黄天鹅']
漂白鸡爪涉事海霸王公司曾被查出弄虚作假,https://finance.eastmoney.com/a/202603153672420021.html,eastmoney,2026年03月15日 20:32,,公司,-0.5,"['农副食品加工业', '食品制造业']",['食品安全'],8.0,['曾巧食品']
网红神药外泌体竟是三无产品 2.12%的医美相关企业曾被行政处罚,https://finance.eastmoney.com/a/202603153672418687.html,eastmoney,2026年03月15日 20:28,,其他,0.0,[],[],0.0,[]
黄天鹅声明：鸡蛋不添加人工合成色素,https://finance.eastmoney.com/a/202603153672423050.html,eastmoney,2026年03月15日 20:24,,公司,-0.5,"['畜牧业', '食品制造业', '农副食品加工业']",['食品安全'],8.0,[]
漂白鸡爪涉事公司曾巧食品曾被罚,https://finance.eastmoney.com/a/202603153672418088.html,eastmoney,2026年03月15日 20:21,,公司,0.1,"['农副食品加工业', '食品制造业']",['食品安全'],3.0,[]
3月15日周日《新闻联播》要闻19条,https://finance.eastmoney.com/a/202603153672417861.html,eastmoney,2026年03月15日 20:20,,其他,0.0,"['农业', '畜牧业', '农副食品加工业', '食品制造业']",['食品安全'],2.0,['黄天鹅']
315曝光的漂白鸡爪涉事公司曾被罚,https://finance.eastmoney.com/a/202603153672417780.html,eastmoney,2026年03月15日 20:19,,其他,0.0,[],[],0.0,[]
漂白鸡爪涉事公司已获食品安全管理体系认证,https://finance.eastmoney.com/a/202603153672417431.html,eastmoney,2026年03月15日 20:14,,政策,0.5,"['其他金融业', '房地产业']",['统一大市场'],7.0,[]
黄天鹅鸡蛋否认添加角黄素,https://finance.eastmoney.com/a/202603153672417123.html,eastmoney,2026年03月15日 20:08,,其他,-0.6,"['农副食品加工业', '食品制造业', '酒、饮料和精制茶制造业']","['食品安全', '农村电商', '乳业']",8.0,[]
美宜佳道歉,https://finance.eastmoney.com/a/202603153672420756.html,eastmoney,2026年03月15日 19:58,,其他,0.8,"['其他制造业', '计算机、通信和其他电子设备制造业']",['量子科技'],9.0,[]
全国统一的地方财政补贴负面清单要来了！,https://finance.eastmoney.com/a/202603153672429254.html,eastmoney,2026年03月15日 19:51,,行业,0.8,['化学原料和化学制品制造业'],['化工板块'],7.0,[]
民生调查局｜饮品包装成“牛奶”，大牌乳企收割农村老年人,https://finance.eastmoney.com/a/202603153672414623.html,eastmoney,2026年03月15日 19:44,,其他,0.5,"['石油和天然气开采业', '能源行业']","['一带一路', '中东局势']",8.0,[]
上海大动作，“抢滩”量子科技！,https://finance.eastmoney.com/a/202603153672420817.html,eastmoney,2026年03月15日 19:43,,行业,0.8,"['电力、热力生产和供应业', '燃气生产和供应业', '其他制造业']","['新能源汽车', '储能', '氢能源', '核电', '风电', '光伏概念', '锂电池概念', '高端装备', '军工', '国企改革', '国资云', '绿色电力', '碳中和', '特高压', '人工智能', '机器人概念', '车联网(车路协同)', '工业互联网', '5G', '云计算', '数字经济']",9.0,[]
中银证券：化工板块迎来配置窗口,https://finance.eastmoney.com/a/202603153672414360.html,eastmoney,2026年03月15日 19:43,,政策,0.8,"['零售业', '餐饮业', '其他金融业', '房地产业', '综合']","['消费电子概念', '消费升级', '居民消费率', '十五五规划']",7.0,[]
中信建投：中东局势影响深远 中国迎来战略机遇,https://finance.eastmoney.com/a/202603153672411069.html,eastmoney,2026年03月15日 19:19,,其他,0.5,[],[],0.0,[]
中信建投：燃机景气预计创历史新高 国产链弹性最大,https://finance.eastmoney.com/a/202603153672410872.html,eastmoney,2026年03月15日 19:17,,其他,0.3,[],"['偏价值', '涨价顺周期']",7.0,[]
“居民消费率明显提高”为何写入“十五五”规划？独家对话姚景源,https://finance.eastmoney.com/a/202603153672447680.html,eastmoney,2026年03月15日 19:16,,行业,0.8,"['房屋建筑业', '土木工程建筑业', '建筑安装业', '建筑装饰、装修和其他建筑业']",['建筑节能'],8.0,[]
刚刚！80万亿元行业，重磅来了！,https://finance.eastmoney.com/a/202603153672421998.html,eastmoney,2026年03月15日 19:14,,政策,0.5,"['农、林、牧、渔专业及辅助性活动', '房屋建筑业', '土木工程建筑业', '建筑装饰、装修和其他建筑业', '房地产业']","['土地流转', '乡村振兴', '粤港澳大湾区']",7.0,[]
招商证券：A股投资者持仓风格可能进一步均衡 向偏价值、涨价顺周期方向漂移,https://finance.eastmoney.com/a/202603153672410683.html,eastmoney,2026年03月15日 19:14,,其他,0.0,"['其他制造业', '计算机、通信和其他电子设备制造业', '家用电器']","['消费电子概念', '家用电器']",3.0,[]
中信证券：当前建筑行业板块具备进可攻、退可守的双重投资逻辑,https://finance.eastmoney.com/a/202603153672408896.html,eastmoney,2026年03月15日 19:11,,行业,0.6,['酒、饮料和精制茶制造业'],"['白酒概念', '超级品牌']",7.0,[]
广东再有23个全域土地综合整治实施方案获省级批复,https://finance.eastmoney.com/a/202603153672432897.html,eastmoney,2026年03月15日 19:10,,其他,0.8,"['其他制造业', '电力、热力生产和供应业', '燃气生产和供应业', '水的生产和供应业']","['AI', '新能源汽车', '人工智能', '芯片概念', '储能', '5G', '工业互联网', '数字经济', '高端装备', '智能制造']",9.0,[]
2026年中国家电及消费电子博览会闭幕,https://finance.eastmoney.com/a/202603153672406663.html,eastmoney,2026年03月15日 19:09,,其他,-0.5,"['货币金融服务', '其他金融业']","['互联网金融', '金融']",7.0,[]
中信证券：目前饮料企业成本端整体可控，建议把握板块回调后龙头企业布局机会,https://finance.eastmoney.com/a/202603153672406146.html,eastmoney,2026年03月15日 19:03,,其他,0.5,['其他制造业'],['冰雪产业'],5.0,[]
中信证券：坚定围绕中国优势制造定价权重估布局 涨价依然是核心交易线索,https://finance.eastmoney.com/a/202603153672405626.html,eastmoney,2026年03月15日 19:00,,政策,0.5,"['货币金融服务', '其他金融业']",['货币政策'],8.0,[]
12万欠款只还5万？起底“打折还债”灰产：有商家称要先逾期才能办,https://finance.eastmoney.com/a/202603153672426871.html,eastmoney,2026年03月15日 18:54,,政策,0.8,['其他制造业'],"['自由贸易港', '长三角一体化', '上海自贸区']",9.0,[]
“雪龙”号开始返航 中国第42次南极考察接近尾声,https://finance.eastmoney.com/a/202603153672405152.html,eastmoney,2026年03月15日 18:54,,其他,0.0,[],[],0.0,[]
“全球央行超级周”来袭 美联储将公布利率决议,https://finance.eastmoney.com/a/202603153672428538.html,eastmoney,2026年03月15日 18:53,,其他,-0.5,[],[],5.0,[]
上海欢迎制造业，产业园区将转型升级！今年投促大会释放这些强烈信号,https://finance.eastmoney.com/a/202603153672426962.html,eastmoney,2026年03月15日 18:41,,政策,-0.5,[],[],0.0,[]
央行将开展买断式逆回购操作5000亿元,https://finance.eastmoney.com/a/202603153672403296.html,eastmoney,2026年03月15日 18:37,,政策,0.5,"['互联网和相关服务', '软件和信息技术服务业', '其他金融业', '批发业', '零售业']","['互联网金融', '数据安全', '数据要素', '数字经济', '网络安全', '人工智能', '区块链', '物联网']",8.0,[]
乘联分会崔东树：2月乘用车均价18.0万元 同比提升1.5万元,https://finance.eastmoney.com/a/202603153672402664.html,eastmoney,2026年03月15日 18:27,,行业,0.8,"['批发业', '零售业']","['消费品', '以旧换新']",7.0,[]
新华财经周报：3月9日-3月15日,https://finance.eastmoney.com/a/202603153672433291.html,eastmoney,2026年03月15日 18:13,,政策,0.8,"['其他金融业', '公共设施管理业']",['食品安全'],9.0,[]
鱼泡直聘被工信部点名通报,https://finance.eastmoney.com/a/202603153672400772.html,eastmoney,2026年03月15日 18:11,,其他,0.5,[],[],0.0,[]
国务院安委办对近期4起典型较大事故查处挂牌督办,https://finance.eastmoney.com/a/202603153672448664.html,eastmoney,2026年03月15日 18:02,,其他,0.8,"['体育', '文教、工美、体育和娱乐用品制造业', '住宿业', '餐饮业', '旅游概念']","['体育', '旅游概念']",9.0,[]
聚焦新兴领域突出问题 规范网络平台经营，最高法发布消费者权益保护典型案例,https://finance.eastmoney.com/a/202603153672449192.html,eastmoney,2026年03月15日 17:56,,其他,-0.5,"['汽车制造业', '交通运输业']","['新能源汽车', '车联网(车路协同)', '汽车电子', '汽车芯片']",7.0,"['威马', '极越', '哪吒']"
今年以来消费品以旧换新带动销售额超3000亿元,https://finance.eastmoney.com/a/202603153672449092.html,eastmoney,2026年03月15日 17:54,,其他,-0.7,['零售业'],['跨境电商'],8.0,[]
市场监管总局：彻查“3·15”晚会曝光的相关违法行为 维护消费者权益,https://finance.eastmoney.com/a/202603153672445011.html,eastmoney,2026年03月15日 22:18,,其他,-0.2,"['电力、热力生产和供应业', '燃气生产和供应业', '水的生产和供应业', '其他金融业']","['货币金融服务', '资本市场服务', '其他金融业']",6.0,[]
公募解码2026投资主线,https://finance.eastmoney.com/a/202603153672449660.html,eastmoney,2026年03月15日 17:37,,其他,-0.1,"['电力、热力生产和供应业', '燃气生产和供应业', '水的生产和供应业']","['国债', '金融市场']",6.0,[]
带动文商旅体展“狂飙”，F1如何让上海“吸金”又“吸粉”？,https://finance.eastmoney.com/a/202603153672399265.html,eastmoney,2026年03月15日 17:36,,其他,-0.3,"['货币金融服务', '其他金融业']",['国债'],7.0,[]
上海国际金融中心一周要闻回顾（3月9日—3月15日）,https://finance.eastmoney.com/a/202603153672428911.html,eastmoney,2026年03月15日 17:35,,其他,0.1,"['电力、热力生产和供应业', '燃气生产和供应业', '水的生产和供应业', '其他金融业']","['3D打印', '5G', '6G概念', 'AI', 'PC', 'AI手机', 'AI语料', '阿里巴巴概念', '安防', '白酒概念', 'BC电池', '百度概念', '丙烯酸', '冰雪产业', '比亚迪概念', '参股保险', '宁德时代概念', '参股券商', '草甘膦', '参股银行', '长安汽车概念', '长三角一体化', '超超临界发电', '超导概念', '超级电容', '超级品牌', '车联网(车路协同)', '成飞概念', '充电桩', '宠物经济', '重组蛋白', '抽水蓄能', '传感器', '创投', '创新药', '储能', '存储芯片', '大豆', '大飞机', '代糖概念', '国家大基金持股', '锂电池概念', '电子竞技', '电子身份证', '低空经济', '第三代半导体', '地下管网', '电力物联网', '动力电池回收', '东数西算(算力)', '动物疫苗', '抖音概念(字节概念)', '短剧游戏', '独角兽概念', '多模态AI', '电子纸', 'EDR概念', 'ERP概念', '三胎概念', 'ETC', '俄乌冲突概念', 'F5G概念', '仿制药一致性评价', '钒电池', '飞行汽车(eVTOL)', '风电', '芬太尼', '氟化工概念', '福建自贸区', '富士康概念', '辅助生殖', '钙钛矿电池', '肝炎概念', '高端装备', '高股息精选', '高铁', '高压快充', '高压氧舱', '共封装光学(CPO)', '共同富裕示范区', '工业大麻', '工业互联网', '工业母机', '股权转让(并购重组)', '广东自贸区', '光伏概念', '光刻机', '光刻胶', '光热发电', '固废处理', '硅能源', '国产操作系统', '军工', '国企改革', '国资云', '固态电池', '金属钴', '共享单车', '供销社', '海工装备', '海南自贸区', '海峡两岸', '航空发动机', '国产航母', '航运概念', '毫米波雷达', '合成生物', '核电', '黑龙江自贸区', '横琴新区', '核污染防治', '互联网金融', '鸿蒙概念', '猴痘概念', '化肥', '换电概念', '黄金概念', '环氧丙烷', '华为概念', '华为海思概念股', '华为鲲鹏', '华为欧拉', '华为汽车', '华为昇腾', '沪股通', '互联网保险', '减肥药', '减速器', '建筑节能', '家庭医生', '家用电器', '京津冀一体化', '净水概念', '金属回收', '金属铅', '金属锌', '机器人概念', '机器视觉', '基因测序', '军工信息化', '军民融合', '举牌', '科创次新股', '可降解塑料', '可控核聚变', '可燃冰', '空间计算', '空气能热泵', '快手概念', '跨境电商', '垃圾分类', '冷链物流', '两轮车', '粮食概念', '量子科技', '磷化工', '流感', '露营经济', '绿色电力', '生态农业', '旅游概念', '毛发医疗', '蚂蚁集团概念', '煤化工概念', '煤炭概念', '免税店', '民爆概念', 'MiniLED', '民营医院', '钠离子电池', '脑机接口', 'NFT概念', '金属镍', '农村电商', '农机', '农业种植', 'OLED', 'PCB概念', 'PEEK材料', '培育钻石', 'PET铜箔', '啤酒概念', '拼多多概念', '苹果概念', 'PM2.5', 'POE胶膜', 'PPP概念', '汽车拆解概念', '汽车电子', '汽车热管理', '汽车芯片', '期货概念', '青蒿素', '氢能源', '禽流感', '区块链', '染料', '燃料电池', '人工智能', '人形机器人', '人造肉', '人脸识别', '融资融券', '柔性屏(折叠屏)', '柔性直流输电', '乳业', '赛马概念', '上海国企改革', '上海自贸区', '商业航天', '深股通', '生物疫苗', '生物质能发电', '深圳国企改革', '时空大数据', '石墨电极', '石墨烯', '食品安全', '手机游戏', '水利', '水泥概念股', '数据安全', '数据确权', '数据要素', '数据中心', '数字货币', '数字经济', '数字孪生', '数字学生', '数字水印', '数字乡村', 'Sora概念(手机视频)', 'ST板块', '算力租赁', '钛白粉概念', '太赫兹', '碳交易', '碳纤维', '碳中和', '特钢概念', '特高压', '腾讯概念', '特色小镇', '特斯拉概念', '天津自贸区', '天然气', '体育产业', '金属铜', '同花顺出海50', '同花顺漂亮100', '同花顺中特估100', '铜缆高速连接', '统一大市场', 'TOPCON电池', '土地流转', '托育服务', '土壤修复', '网红经济', '网络游戏', '网约车', 'MCU芯片', '卫星导航', '文化传媒概念', 'WiFi6', '物联网', '无人机', '无人驾驶', '无人零售', '污水处理', '无线充电', '无线耳机', '物业管理', '雄安新区', '乡村振兴', '先进封装', '消毒剂', '消费电子概念', '小金属概念', '小米概念', '小米汽车', '细胞免疫治疗', '信创', '星闪概念', '新股与次新股', '新疆振兴', '新能源汽车', '芯片概念', '信托概念', '网络安全', '新型城镇化', '新型工业化', '新型烟草(电子烟)', '稀土永磁', '血氧仪', '虚拟电厂', '虚拟数字人', '虚拟现实', '牙科医疗', '烟草', '养鸡', '养老概念', '央企国企改革', '盐湖提锂', '眼科医疗', '液冷服务器', '页岩气', '一带一路', '移动支付', '医疗废物处理', '医美概念', '英伟达概念', '一体化压铸', '医疗器械概念', '有机硅概念', '幽门螺杆菌概念', '元宇宙', '粤港澳大湾区', '玉米', '云办公', '云计算', '云游戏', '语音技术', '预制菜', '医药电商', '在线教育', '中船系', '化债概念(AMC概念)', '智慧城市', '智慧灯杆', '智慧政务', '智能穿戴', '智能电网', '智能家居', '智能物流', '智能医疗', '智能音箱', '智能座舱', '知识产权保护', '职业教育', '中俄贸易概念', '中韩自贸区', '中芯国际概念', '中字头股票', '专精特新', '转基因', '注册制次新股', '猪肉', '证金持股', '摘帽', '装配式建筑', '足球概念']",7.0,[]
威马APP复活、极越修车等数月、哪吒联网要自购流量……爆雷车企车主还好吗？,https://finance.eastmoney.com/a/202603153672398095.html,eastmoney,2026年03月15日 17:18,,其他,0.5,"['电力、热力生产和供应业', '燃气生产和供应业', '水的生产和供应业']","['3D打印', '5G', 'AI', '6G概念', '云计算', '大数据', '区块链', '数字货币', '数字经济', '物联网', '人工智能', '元宇宙', '虚拟现实']",8.0,[]
直播间买进口香水货不对板，维权被要求自证，三张执法回函难解困境｜3·15调查,https://finance.eastmoney.com/a/202603153672430333.html,eastmoney,2026年03月15日 17:17,,政策,0.1,"['货币金融服务', '其他金融业']","['货币金融服务', '其他金融业']",7.0,[]
美国 美国3月12日4星期国债竞拍-高配置百分比(%),,baidu_calendar,2026-03-13 00:30,"公布值: 27.72, 预期: nan, 前值: 30.66",其他,-0.5,"['电力、热力生产和供应业', '燃气生产和供应业', '水的生产和供应业', '其他金融业']","['货币金融服务', '其他金融业']",7.0,[]
美国 美国3月12日4星期国债竞拍-总金额(亿美元),,baidu_calendar,2026-03-13 00:30,"公布值: 1007.49, 预期: nan, 前值: 1053.28",行业,0.1,['其他制造业'],[],3.0,[]
美国 美国3月12日30年期国债竞拍-总金额(亿美元),,baidu_calendar,2026-03-13 01:00,"公布值: 220.0, 预期: nan, 前值: 250.0",其他,0.2,"['住宿业', '餐饮业', '旅游概念']",['旅游概念'],7.0,[]
美国 美国3月12日30年期国债竞拍-高收益率(%),,baidu_calendar,2026-03-13 01:00,"公布值: 4.87, 预期: nan, 前值: 4.75",其他,0.5,['农、林、牧、渔专业及辅助性活动'],[],7.0,[]
美国 美国3月12日30年期国债竞拍-投标倍数(倍),,baidu_calendar,2026-03-13 01:00,"公布值: 2.45, 预期: nan, 前值: 2.66",其他,0.0,['其他制造业'],['黄金概念'],5.0,[]
美国 美国3月12日30年期国债竞拍-高配置百分比(%),,baidu_calendar,2026-03-13 01:00,"公布值: 59.56, 预期: nan, 前值: 1.2",其他,-0.1,"['贵金属采选业', '有色金属矿采选业']","['黄金概念', '金属钴']",7.0,[]
美国 美国截至3月11日美联储资产负债表(万亿美元),,baidu_calendar,2026-03-13 04:30,"公布值: 6.65, 预期: nan, 前值: 6.63",其他,0.0,"['石油和天然气开采业', '非金属矿采选业', '石油、煤炭及其他燃料加工业']","['黄金概念', '能源']",2.0,[]
美国 美国截至3月13日当周外国央行持有美国国债(亿美元),,baidu_calendar,2026-03-13 04:30,"公布值: -397.55, 预期: nan, 前值: -93.33",其他,0.1,['其他金融业'],['黄金概念'],3.0,[]
新西兰 新西兰2月BNZ企业制造业PMI,,baidu_calendar,2026-03-13 05:30,"公布值: 55.0, 预期: nan, 前值: 55.2",其他,0.0,['其他金融业'],['黄金概念'],2.0,[]
新西兰 新西兰1月短期外国到访者与海外游客年率-未季调(%),,baidu_calendar,2026-03-13 05:45,"公布值: 4.1, 预期: nan, 前值: 7.0",其他,-0.5,"['贵金属冶炼和压延加工业', '其他金融业']",['黄金概念'],7.0,[]
新西兰 新西兰1月永久长期移民净流入预估-季调后(人),,baidu_calendar,2026-03-13 05:45,"公布值: 4460.0, 预期: nan, 前值: 2870.0",其他,-0.5,"['有色金属矿采选业', '非金属矿物制品业']","['期货概念', '黄金概念']",7.0,[]
美国 美国3月12日iShares白银持仓-每日更新(吨),,baidu_calendar,2026-03-13 06:30,"公布值: 15539.06, 预期: nan, 前值: 15539.06",其他,0.0,"['石油、煤炭及其他燃料加工业', '有色金属冶炼和压延加工业']","['贵金属', '金属', '大宗商品']",2.0,[]
美国 美国3月11日NYMEX钯金库存-每日更新(百盎司),,baidu_calendar,2026-03-13 06:30,"公布值: 2007.16, 预期: nan, 前值: 2046.78",其他,0.1,['其他金融业'],['黄金概念'],7.0,[]
美国 美国3月11日NYMEX铂金库存-每日更新(百盎司),,baidu_calendar,2026-03-13 06:30,"公布值: 5824.41, 预期: nan, 前值: 5824.41",其他,-0.2,"['贵金属冶炼和压延加工业', '金属制品业', '其他金融业']",['黄金概念'],7.0,[]
美国 美国3月12日iShares白银持仓变动-每日(吨),,baidu_calendar,2026-03-13 06:30,"公布值: 0.0, 预期: nan, 前值: -115.51",其他,-0.5,"['贵金属采选业', '有色金属矿采选业']","['贵金属', '钯金概念']",7.0,[]
美国 美国3月12日iShares黄金持仓变动-每日(吨),,baidu_calendar,2026-03-13 06:30,"公布值: 0.0, 预期: nan, 前值: 0.0",其他,-0.1,"['贵金属冶炼和压延加工业', '非金属矿物制品业']",['黄金概念'],7.0,[]
美国 美国3月12日SPDR黄金持仓变动-每日(吨),,baidu_calendar,2026-03-13 06:30,"公布值: -1.43, 预期: nan, 前值: 3.71",其他,0.0,['其他金融业'],['黄金概念'],5.0,[]
美国 美国3月11日COMEX白银库存变动-每日(百盎司),,baidu_calendar,2026-03-13 06:30,"公布值: -2169.78, 预期: nan, 前值: -7686.41",其他,0.1,"['贵金属冶炼和压延加工业', '金属制品业', '有色金属冶炼和压延加工业']","['期货概念', '黄金概念']",7.0,[]
美国 美国3月11日NYMEX铂金库存变动-每日(百盎司),,baidu_calendar,2026-03-13 06:30,"公布值: 0.0, 预期: nan, 前值: 0.0",其他,0.15,['其他制造业'],[],3.0,[]
美国 美国3月11日COMEX黄金库存-每日更新(百盎司),,baidu_calendar,2026-03-13 06:30,"公布值: 326564.07, 预期: nan, 前值: 327207.09",其他,0.1,['其他制造业'],[],3.0,[]
美国 美国3月11日COMEX黄金库存变动-每日(百盎司),,baidu_calendar,2026-03-13 06:30,"公布值: -643.02, 预期: nan, 前值: 0.0",其他,0.8,['其他制造业'],[],7.0,[]
美国 美国3月11日NYMEX钯金库存变动-每日(百盎司),,baidu_calendar,2026-03-13 06:30,"公布值: -39.62, 预期: nan, 前值: 0.0",其他,-0.05,[],['PC'],5.0,[]
美国 美国3月12日SPDR黄金持仓-每日更新(吨),,baidu_calendar,2026-03-13 06:30,"公布值: 1075.85, 预期: nan, 前值: 1077.28",其他,-0.3,"['其他金融业', '房地产业']","['消费情绪', '消费者信心指数']",7.0,[]
美国 美国3月12日iShares黄金持仓-每日更新(吨),,baidu_calendar,2026-03-13 06:30,"公布值: 494.04, 预期: nan, 前值: 494.04",其他,0.05,"['货币金融服务', '其他金融业']","['货币金融服务', '其他金融业']",6.0,[]
美国 美国3月11日COMEX白银库存-每日更新(百盎司),,baidu_calendar,2026-03-13 06:30,"公布值: 3443248.24, 预期: nan, 前值: 3445418.02",其他,0.1,"['货币金融服务', '其他金融业']",['货币金融服务'],5.0,[]
印度 印度3月IPSOS主要消费者情绪指数PCSI,,baidu_calendar,2026-03-13 10:00,"公布值: 57.26, 预期: nan, 前值: 56.37",其他,-0.5,['货币金融服务'],['货币金融服务'],7.0,[]
日本 日本3月IPSOS主要消费者情绪指数PCSI,,baidu_calendar,2026-03-13 10:00,"公布值: 42.42, 预期: nan, 前值: 41.33",其他,0.1,['货币金融服务'],['货币金融服务'],7.0,[]
韩国 韩国3月IPSOS主要消费者情绪指数PCSI,,baidu_calendar,2026-03-13 10:00,"公布值: 49.99, 预期: nan, 前值: 45.89",其他,0.3,['批发业'],[],5.0,[]
中国 中国3月IPSOS主要消费者情绪指数PCSI,,baidu_calendar,2026-03-13 10:00,"公布值: 72.46, 预期: nan, 前值: 72.82",其他,0.1,"['电力、热力生产和供应业', '燃气生产和供应业', '水的生产和供应业']",[],7.0,[]
澳大利亚 澳大利亚3月IPSOS主要消费者情绪指数PCSI,,baidu_calendar,2026-03-13 10:00,"公布值: 50.63, 预期: nan, 前值: 52.46",其他,0.1,"['电力、热力生产和供应业', '燃气生产和供应业', '水的生产和供应业']",[],5.0,[]
韩国 韩国1月Lf金融机构流动性平均余额-季调后(万亿韩元),,baidu_calendar,2026-03-13 11:00,"公布值: 6102.09, 预期: nan, 前值: 6087.01",其他,-0.5,"['批发业', '零售业', '交通运输业']",[],7.0,[]
韩国 韩国1月货币供应L年率(%),,baidu_calendar,2026-03-13 11:00,"公布值: 7.1, 预期: nan, 前值: 7.3",其他,0.0,"['电力、热力生产和供应业', '燃气生产和供应业', '水的生产和供应业']",[],5.0,[]
韩国 韩国1月货币供应L月率(%),,baidu_calendar,2026-03-13 11:00,"公布值: 0.3, 预期: nan, 前值: 1.4",其他,0.5,"['批发业', '零售业', '交通运输业']",[],7.0,[]
韩国 韩国1月货币供应M2月率(%),,baidu_calendar,2026-03-13 11:00,"公布值: 0.7, 预期: nan, 前值: 0.6",其他,0.0,"['批发业', '零售业', '住宿业', '餐饮业', '电信、广播电视和卫星传输服务', '互联网和相关服务', '软件和信息技术服务业', '货币金融服务', '资本市场服务', '保险业', '其他金融业', '房地产业', '租赁业', '商务服务业', '公共设施管理业']",[],5.0,[]
德国 德国2月批发物价指数月率(%),,baidu_calendar,2026-03-13 15:00,"公布值: 0.6, 预期: nan, 前值: 0.9",行业,0.5,"['房屋建筑业', '土木工程建筑业', '建筑安装业', '建筑装饰、装修和其他建筑业']",['建筑节能'],7.0,[]
英国 英国1月三个月滚动GDP环比(%),,baidu_calendar,2026-03-13 15:00,"公布值: 0.2, 预期: 0.3, 前值: 0.1",其他,-0.3,"['电力、热力生产和供应业', '石油、煤炭及其他燃料加工业', '黑色金属冶炼和压延加工业', '有色金属冶炼和压延加工业', '通用设备制造业', '专用设备制造业', '汽车制造业', '铁路、船舶、航空航天和其他运输设备制造业', '电气机械和器材制造业', '计算机、通信和其他电子设备制造业', '仪器仪表制造业', '其他制造业']",[],6.0,[]
英国 英国1月季调后GDP预估年率(%),,baidu_calendar,2026-03-13 15:00,"公布值: 0.8, 预期: 0.9, 前值: 0.7",其他,0.0,['批发业'],[],5.0,[]
英国 英国1月非欧盟商品贸易帐-季调后(亿英镑),,baidu_calendar,2026-03-13 15:00,"公布值: -34.61, 预期: nan, 前值: -109.94",其他,-0.3,"['批发业', '零售业']",[],6.0,[]
英国 英国1月GDP月率(%),,baidu_calendar,2026-03-13 15:00,"公布值: 0.0, 预期: 0.2, 前值: 0.1",行业,-0.1,"['房屋建筑业', '土木工程建筑业', '建筑安装业', '建筑装饰、装修和其他建筑业']",['建筑节能'],7.0,[]
英国 英国1月季调后贸易帐(亿英镑),,baidu_calendar,2026-03-13 15:00,"公布值: 39.22, 预期: -39.0, 前值: -43.4",行业,0.8,['其他制造业'],[],7.0,[]
英国 英国1月服务业产出季调后月率(%),,baidu_calendar,2026-03-13 15:00,"公布值: 0.0, 预期: 0.2, 前值: 0.3",其他,0.2,['其他制造业'],[],3.0,[]
英国 英国1月建筑业产出季调后月率(%),,baidu_calendar,2026-03-13 15:00,"公布值: 0.2, 预期: 0.0, 前值: -0.5",其他,0.2,['其他制造业'],[],3.0,[]
英国 英国1月工业产出月率(%),,baidu_calendar,2026-03-13 15:00,"公布值: -0.1, 预期: 0.2, 前值: -0.9",其他,-0.1,"['批发业', '零售业', '铁路运输业', '道路运输业', '水上运输业', '航空运输业', '多式联运和运输代理业', '装卸搬运和仓储业', '邮政业']",[],5.0,[]
德国 德国2月批发物价指数年率(%),,baidu_calendar,2026-03-13 15:00,"公布值: 1.2, 预期: nan, 前值: 1.2",其他,0.1,"['电力、热力生产和供应业', '燃气生产和供应业', '水的生产和供应业', '批发业', '零售业', '住宿业', '餐饮业', '电信、广播电视和卫星传输服务', '互联网和相关服务', '软件和信息技术服务业', '货币金融服务', '资本市场服务', '保险业', '其他金融业', '房地产业', '租赁业', '商务服务业', '公共设施管理业']",[],3.0,[]
英国 英国1月商品贸易帐-季调后(亿英镑),,baidu_calendar,2026-03-13 15:00,"公布值: -144.49, 预期: -222.0, 前值: -227.24",其他,-0.5,"['有色金属冶炼和压延加工业', '金属制品业']",['期货概念'],7.0,[]
英国 英国1月建筑业产出年率(%),,baidu_calendar,2026-03-13 15:00,"公布值: -0.2, 预期: -0.1, 前值: -0.3",其他,-0.5,"['有色金属冶炼和压延加工业', '金属制品业']",['金属铜'],8.0,[]
英国 英国1月制造业产出年率(%),,baidu_calendar,2026-03-13 15:00,"公布值: 1.3, 预期: 1.5, 前值: 0.5",其他,0.0,"['石油和天然气开采业', '石油、煤炭及其他燃料加工业']",['期货概念'],2.0,[]
英国 英国1月工业产出年率(%),,baidu_calendar,2026-03-13 15:00,"公布值: 0.4, 预期: 0.6, 前值: 0.5",其他,0.0,['石油、煤炭及其他燃料加工业'],['期货概念'],2.0,[]
英国 英国1月制造业产出月率(%),,baidu_calendar,2026-03-13 15:00,"公布值: 0.1, 预期: 0.2, 前值: -0.5",其他,-0.5,['其他金融业'],['黄金概念'],7.0,[]
英国 英国1月对欧盟商品贸易帐-季调后(亿英镑),,baidu_calendar,2026-03-13 15:00,"公布值: -109.88, 预期: nan, 前值: -117.3",其他,-0.2,"['货币金融服务', '其他金融业']",['黄金概念'],7.0,[]
英国 英国1月服务业产出季调后年率(%),,baidu_calendar,2026-03-13 15:00,"公布值: 0.9, 预期: 1.0, 前值: 0.8",其他,0.0,[],[],0.0,[]
中国 中国3月13日上期所每日仓单变动-白银(千克),,baidu_calendar,2026-03-13 15:10,"公布值: 16592.0, 预期: nan, 前值: 58115.0",其他,0.1,"['其他金融业', '电力、热力生产和供应业', '燃气生产和供应业', '水的生产和供应业']","['通胀', 'CPI']",7.0,[]
中国 中国3月13日上期所每日仓单变动-铜(吨),,baidu_calendar,2026-03-13 15:10,"公布值: -11264.0, 预期: nan, 前值: 5911.0",其他,0.5,"['其他金融业', '电力、热力生产和供应业', '燃气生产和供应业', '水的生产和供应业']","['通胀', 'CPI']",7.0,[]
中国 中国3月13日上期所每日仓单变动-原油(桶),,baidu_calendar,2026-03-13 15:10,"公布值: 0.0, 预期: nan, 前值: 0.0",其他,0.6,"['其他金融业', '电力、热力生产和供应业', '燃气生产和供应业', '水的生产和供应业']",[],7.0,[]
中国 中国3月13日上期所每日仓单变动-燃料油(吨),,baidu_calendar,2026-03-13 15:10,"公布值: 0.0, 预期: nan, 前值: 0.0",其他,0.1,"['其他金融业', '电力、热力生产和供应业', '燃气生产和供应业', '水的生产和供应业']",[],3.0,[]
中国 中国3月13日上期所每日仓单变动-黄金(千克),,baidu_calendar,2026-03-13 15:10,"公布值: -3.0, 预期: nan, 前值: 510.0",其他,0.0,[],[],0.0,[]
泰国 泰国截至3月8日外汇储备-含黄金与可兑换外汇(亿美元),,baidu_calendar,2026-03-13 15:30,"公布值: 2883.0, 预期: nan, 前值: 2939.0",其他,0.3,"['其他金融业', '货币金融服务']","['通胀', 'CPI']",7.0,[]
法国 法国2月调和CPI年率终值(%),,baidu_calendar,2026-03-13 15:45,"公布值: 1.1, 预期: 1.1, 前值: 1.1",其他,0.1,"['电力、热力生产和供应业', '燃气生产和供应业', '水的生产和供应业']","['通胀', 'CPI']",6.0,[]
法国 法国2月CPI年率终值(%),,baidu_calendar,2026-03-13 15:45,"公布值: 0.9, 预期: 1.0, 前值: 1.0",其他,0.5,"['货币金融服务', '其他金融业']","['货币金融服务', '其他金融业']",8.0,[]
法国 法国2月除烟草外的CPI年率-未季调终值(%),,baidu_calendar,2026-03-13 15:45,"公布值: 0.9, 预期: nan, 前值: 0.3",其他,0.1,"['货币金融服务', '其他金融业']",['货币金融服务'],7.0,[]
法国 法国2月除烟草外的CPI月率-未季调终值(%),,baidu_calendar,2026-03-13 15:45,"公布值: 0.6, 预期: 0.2, 前值: -0.4",其他,0.0,"['电力、热力生产和供应业', '燃气生产和供应业', '水的生产和供应业']",[],3.0,[]
法国 法国2月调和CPI月率终值(%),,baidu_calendar,2026-03-13 15:45,"公布值: 0.7, 预期: 0.8, 前值: 0.8",其他,0.8,"['货币金融服务', '其他金融业']",['货币金融服务'],8.0,[]
法国 法国2月未季调CPI读数,,baidu_calendar,2026-03-13 15:45,"公布值: 100.31, 预期: 100.31, 前值: 99.62",其他,0.1,['其他金融业'],[],3.0,[]
法国 法国2月除烟草外的CPI读数终值,,baidu_calendar,2026-03-13 15:45,"公布值: 100.2, 预期: nan, 前值: 99.57",其他,0.8,"['电力、热力生产和供应业', '燃气生产和供应业', '水的生产和供应业', '金融业']","['货币金融服务', '其他金融业', '融资融券']",9.0,[]
法国 法国2月CPI月率终值(%),,baidu_calendar,2026-03-13 15:45,"公布值: 0.6, 预期: 0.7, 前值: 0.7",其他,0.0,"['电力、热力生产和供应业', '燃气生产和供应业', '水的生产和供应业']",[],0.0,[]
中国 中国2月M1货币供应年率(%),,baidu_calendar,2026-03-13 16:00,"公布值: 5.9, 预期: 5.1, 前值: 4.9",其他,0.0,"['电力、热力生产和供应业', '燃气生产和供应业', '水的生产和供应业']",[],0.0,[]
中国 中国2月M2货币供应年率(%),,baidu_calendar,2026-03-13 16:00,"公布值: 9.0, 预期: 8.8, 前值: 9.0",其他,0.0,"['货币金融服务', '其他金融业']","['货币金融服务', '其他金融业']",5.0,[]
西班牙 西班牙2月CPI年率修正值(%),,baidu_calendar,2026-03-13 16:00,"公布值: 2.3, 预期: 2.3, 前值: 2.3",其他,0.8,"['货币金融服务', '其他金融业']",['货币金融服务'],9.0,[]
中国 中国2月M0货币供应年率(%),,baidu_calendar,2026-03-13 16:00,"公布值: 14.1, 预期: nan, 前值: 2.7",其他,0.0,"['电力、热力生产和供应业', '燃气生产和供应业', '水的生产和供应业', '批发业', '零售业']",[],3.0,[]
西班牙 西班牙2月核心CPI年率修正值(%),,baidu_calendar,2026-03-13 16:00,"公布值: 2.7, 预期: nan, 前值: 2.6",其他,0.0,"['电力、热力生产和供应业', '燃气生产和供应业', '水的生产和供应业']",[],3.0,[]
中国 中国2月社会融资规模-年初至今(亿元),,baidu_calendar,2026-03-13 16:00,"公布值: 96000.0, 预期: 21330.0, 前值: 72200.0",其他,0.6,"['其他金融业', '电力、热力生产和供应业', '燃气生产和供应业', '水的生产和供应业']",[],7.0,[]
西班牙 西班牙2月调和CPI月率初值(%),,baidu_calendar,2026-03-13 16:00,"公布值: 0.4, 预期: 0.4, 前值: 0.4",其他,0.1,['其他制造业'],[],3.0,[]
西班牙 西班牙2月调和CPI年率修正值(%),,baidu_calendar,2026-03-13 16:00,"公布值: 2.5, 预期: 2.5, 前值: 2.5",行业,-0.5,['其他制造业'],[],7.0,[]
中国 中国2月人民币各项贷款余额年率(%),,baidu_calendar,2026-03-13 16:00,"公布值: 6.0, 预期: 6.0, 前值: 6.1",行业,-0.5,['其他制造业'],[],7.0,[]
中国 中国2月新增人民币贷款-年初至今(亿元),,baidu_calendar,2026-03-13 16:00,"公布值: 56100.0, 预期: 9790.0, 前值: 47100.0",行业,-0.3,['其他制造业'],[],4.0,[]
西班牙 西班牙2月CPI月率修正值(%),,baidu_calendar,2026-03-13 16:00,"公布值: 0.4, 预期: 0.4, 前值: 0.4",其他,-0.5,['其他制造业'],[],7.0,[]
西班牙 西班牙2月未季调CPI读数修正值,,baidu_calendar,2026-03-13 16:00,"公布值: 101.26, 预期: nan, 前值: 101.24",其他,-0.3,"['其他制造业', '电力、热力生产和供应业']",[],6.0,[]
中国香港 中国香港第四季度PPI年率-未季调(%),,baidu_calendar,2026-03-13 16:30,"公布值: 9.5, 预期: nan, 前值: 7.7",其他,0.5,"['货币金融服务', '其他金融业']","['货币金融服务', '其他金融业']",7.0,[]
中国香港 中国香港第四季度工业生产年率-未季调(%),,baidu_calendar,2026-03-13 16:30,"公布值: 5.7, 预期: nan, 前值: 5.5",其他,0.1,"['货币金融服务', '其他金融业']",['货币金融服务'],5.0,[]
意大利 意大利1月未季调工业产出年率(%),,baidu_calendar,2026-03-13 17:00,"公布值: -3.6, 预期: nan, 前值: 3.3",其他,-0.1,['其他金融业'],['货币金融服务'],7.0,[]
意大利 意大利1月工作日调整后工业产出年率(%),,baidu_calendar,2026-03-13 17:00,"公布值: -0.6, 预期: 0.8, 前值: 3.2",其他,0.5,['货币金融服务'],['货币金融服务'],7.0,[]
意大利 意大利1月季调后工业产出月率(%),,baidu_calendar,2026-03-13 17:00,"公布值: -0.6, 预期: 0.3, 前值: -0.4",其他,0.1,"['货币金融服务', '其他金融业']",['货币金融服务'],5.0,[]
欧元区 欧元区1月工作日调整后工业产出年率(%),,baidu_calendar,2026-03-13 18:00,"公布值: -1.2, 预期: 1.4, 前值: 1.2",行业,0.5,"['其他金融业', '批发业', '零售业', '住宿业', '餐饮业', '电信、广播电视和卫星传输服务', '互联网和相关服务', '软件和信息技术服务业']",[],7.0,[]
欧元区 欧元区1月季调后工业产出月率(%),,baidu_calendar,2026-03-13 18:00,"公布值: -1.5, 预期: 0.6, 前值: -1.4",行业,0.6,"['其他金融业', '服务行业']",[],7.0,[]
印度 印度截至2月23日当周两周银行贷款增长年率(%),,baidu_calendar,2026-03-13 19:30,"公布值: 14.5, 预期: nan, 前值: 13.6",行业,-0.5,['其他制造业'],[],6.0,[]
印度 印度截至2月23日当周两周存款增长年率(%),,baidu_calendar,2026-03-13 19:30,"公布值: 11.9, 预期: nan, 前值: 11.2",行业,-0.5,['其他制造业'],[],6.0,[]
印度 印度截至3月2日当周外汇储备(亿美元),,baidu_calendar,2026-03-13 19:30,"公布值: 7168.1, 预期: nan, 前值: 7284.9",其他,-0.2,"['其他制造业', '通用设备制造业', '专用设备制造业']",[],4.0,[]
印度 印度截至2月9日当周两周银行贷款增长年率(%),,baidu_calendar,2026-03-13 19:30,"公布值: 14.5, 预期: nan, 前值: 13.6",其他,0.3,"['电力、热力生产和供应业', '燃气生产和供应业', '水的生产和供应业']",[],5.0,[]
印度 印度截至2月9日当周两周存款增长年率(%),,baidu_calendar,2026-03-13 19:30,"公布值: 11.9, 预期: nan, 前值: 11.2",其他,0.0,['电力、热力生产和供应业'],[],3.0,[]
巴西 巴西1月服务部门增长年率-私营非金融类(%),,baidu_calendar,2026-03-13 20:00,"公布值: 3.3, 预期: 2.8, 前值: 3.4",其他,0.5,['零售业'],"['消费电子概念', '消费']",7.0,[]
巴西 巴西1月服务部门增长月率-私营非金融类(%),,baidu_calendar,2026-03-13 20:00,"公布值: 0.3, 预期: 0.1, 前值: -0.4",其他,0.3,[],"['GDP', '经济指标']",7.0,[]
墨西哥 墨西哥1月工业产值年率(%),,baidu_calendar,2026-03-13 20:00,"公布值: -1.1, 预期: 1.7, 前值: 2.4",其他,0.1,"['电力、热力生产和供应业', '燃气生产和供应业', '水的生产和供应业']",[],5.0,[]
墨西哥 墨西哥1月工业产值月率(%),,baidu_calendar,2026-03-13 20:00,"公布值: -1.1, 预期: 0.0, 前值: 0.2",其他,0.1,"['批发业', '零售业', '餐饮业', '住宿业']",['消费电子概念'],7.0,[]
美国 美国1月扣除飞机非国防资本品订单月率修正值(%),,baidu_calendar,2026-03-13 20:30,"公布值: 0.0, 预期: 0.5, 前值: 0.8",其他,0.1,['其他制造业'],[],5.0,[]
美国 美国第四季度实际GDP年化季率修正值(%),,baidu_calendar,2026-03-13 20:30,"公布值: 0.7, 预期: 1.2, 前值: 1.4",其他,-0.1,"['电力、热力生产和供应业', '燃气生产和供应业', '水的生产和供应业']",[],3.0,[]
加拿大 加拿大第四季度产能利用率(%),,baidu_calendar,2026-03-13 20:30,"公布值: 78.5, 预期: nan, 前值: 78.5",其他,0.0,[],"['货币金融服务', '资本市场服务', '保险业', '其他金融业']",7.0,[]
美国 美国第四季度消费者支出年化季率修正值(%),,baidu_calendar,2026-03-13 20:30,"公布值: 2.0, 预期: nan, 前值: 2.4",行业,-0.2,['其他制造业'],[],5.0,[]
美国 美国第四季度GDP隐性平减指数季率-季调后修正值(%),,baidu_calendar,2026-03-13 20:30,"公布值: 3.8, 预期: 3.6, 前值: 3.7",其他,0.2,"['货币金融服务', '其他金融业']","['货币金融服务', '其他金融业']",3.0,[]
美国 美国第四季度GDP价格指数季率修正值(%),,baidu_calendar,2026-03-13 20:30,"公布值: 3.8, 预期: nan, 前值: 3.6",其他,0.1,"['其他金融业', '货币金融服务']",['通胀概念'],7.0,[]
美国 美国1月实际个人消费支出月率(%),,baidu_calendar,2026-03-13 20:30,"公布值: 0.1, 预期: 0.0, 前值: 0.1",其他,0.1,"['电力、热力生产和供应业', '燃气生产和供应业', '水的生产和供应业']","['通胀', '物价指数']",7.0,[]
美国 美国1月扣除运输耐用品订单月率初值(%),,baidu_calendar,2026-03-13 20:30,"公布值: 0.4, 预期: 0.5, 前值: 1.0",行业,-0.5,['其他制造业'],[],5.0,[]
加拿大 加拿大2月就业参与率(%),,baidu_calendar,2026-03-13 20:30,"公布值: 64.9, 预期: nan, 前值: 65.0",其他,0.05,['其他金融业'],[],3.0,[]
美国 美国第四季度核心PCE物价指数年化季率修正值(%),,baidu_calendar,2026-03-13 20:30,"公布值: 2.7, 预期: 2.7, 前值: 2.7",其他,0.2,['其他制造业'],[],3.0,[]
加拿大 加拿大1月制造业销售月率(%),,baidu_calendar,2026-03-13 20:30,"公布值: -3.0, 预期: -3.3, 前值: 0.6",其他,-0.5,"['电力、热力生产和供应业', '燃气生产和供应业', '水的生产和供应业']",[],7.0,[]
美国 美国1月个人收入月率(%),,baidu_calendar,2026-03-13 20:30,"公布值: 0.4, 预期: 0.5, 前值: 0.3",其他,0.0,"['电力、热力生产和供应业', '燃气生产和供应业', '水的生产和供应业']",['通胀概念'],5.0,[]
美国 美国1月PCE物价指数年率(%),,baidu_calendar,2026-03-13 20:30,"公布值: 2.8, 预期: 2.9, 前值: 2.9",其他,0.1,"['电力、热力生产和供应业', '燃气生产和供应业', '水的生产和供应业']","['通胀概念', '物价指数']",7.0,[]
美国 美国1月核心PCE物价指数年率(%),,baidu_calendar,2026-03-13 20:30,"公布值: 3.1, 预期: 3.1, 前值: 3.0",其他,0.5,['其他制造业'],[],5.0,[]
加拿大 加拿大1月制造业新订单月率(%),,baidu_calendar,2026-03-13 20:30,"公布值: -3.3, 预期: nan, 前值: 0.2",其他,0.5,['其他金融业'],['货币金融服务'],7.0,[]
加拿大 加拿大2月失业率(%),,baidu_calendar,2026-03-13 20:30,"公布值: 6.7, 预期: 6.6, 前值: 6.5",行业,0.1,['其他制造业'],[],3.0,[]
美国 美国1月耐用品订单月率初值(%),,baidu_calendar,2026-03-13 20:30,"公布值: 0.0, 预期: 1.2, 前值: -1.4",其他,0.6,['其他制造业'],['就业数据'],7.0,[]
加拿大 加拿大2月全职就业人数变动(万),,baidu_calendar,2026-03-13 20:30,"公布值: -10.84, 预期: nan, 前值: 4.49",其他,-0.4,"['批发业', '零售业']",[],3.0,[]
美国 美国第四季度PCE物价指数年化季率修正值(%),,baidu_calendar,2026-03-13 20:30,"公布值: 2.9, 预期: 2.9, 前值: 2.9",其他,0.0,"['电力、热力生产和供应业', '燃气生产和供应业', '水的生产和供应业']",[],5.0,[]
美国 美国1月PCE物价指数月率(%),,baidu_calendar,2026-03-13 20:30,"公布值: 0.3, 预期: 0.3, 前值: 0.4",其他,0.1,"['零售业', '批发业']",[],3.0,[]
美国 美国1月扣除国防耐用品订单月率初值(%),,baidu_calendar,2026-03-13 20:30,"公布值: 0.5, 预期: nan, 前值: -2.4",其他,-0.8,"['电力、热力生产和供应业', '燃气生产和供应业', '水的生产和供应业']","['新能源汽车', '储能', '碳中和']",7.0,[]
加拿大 加拿大2月平均时薪-永久雇员年率(%),,baidu_calendar,2026-03-13 20:30,"公布值: 4.2, 预期: nan, 前值: 3.3",其他,-0.1,"['电力、热力生产和供应业', '燃气生产和供应业', '水的生产和供应业']",[],7.0,[]
加拿大 加拿大1月制造业未完成订单月率(%),,baidu_calendar,2026-03-13 20:30,"公布值: 0.2, 预期: nan, 前值: 0.4",行业,0.5,['其他制造业'],[],6.0,[]
加拿大 加拿大2月兼职就业人数变动(万),,baidu_calendar,2026-03-13 20:30,"公布值: 2.45, 预期: nan, 前值: -6.97",行业,0.5,['其他制造业'],[],6.0,[]
美国 美国第四季度最终销售年化季率修正值(%),,baidu_calendar,2026-03-13 20:30,"公布值: 0.4, 预期: nan, 前值: 1.2",其他,0.0,"['石油和天然气开采业', '批发业', '零售业', '国际贸易']",['中俄贸易概念'],5.0,[]
美国 美国1月核心PCE物价指数月率(%),,baidu_calendar,2026-03-13 20:30,"公布值: 0.4, 预期: 0.4, 前值: 0.4",其他,-0.1,"['石油、煤炭及其他燃料加工业', '其他金融业']",['黄金概念'],7.0,[]
美国 美国1月个人支出月率(%),,baidu_calendar,2026-03-13 20:30,"公布值: 0.4, 预期: 0.3, 前值: 0.4",其他,0.5,"['电力、热力生产和供应业', '燃气生产和供应业', '水的生产和供应业']",[],7.0,[]
加拿大 加拿大2月就业人数变动(万),,baidu_calendar,2026-03-13 20:30,"公布值: -8.39, 预期: 1.0, 前值: -2.48",其他,0.5,[],[],5.0,[]
美国 美国第四季度年化实际GDP修正值(亿美元),,baidu_calendar,2026-03-13 20:30,"公布值: 240660.0, 预期: nan, 前值: 241118.0",其他,0.7,"['其他金融业', '电力、热力生产和供应业', '燃气生产和供应业', '水的生产和供应业']","['货币金融服务', '其他金融业']",8.0,[]
加拿大 加拿大1月制造业库存月率(%),,baidu_calendar,2026-03-13 20:30,"公布值: 0.9, 预期: nan, 前值: -1.2",其他,0.1,"['货币金融服务', '其他金融业']",['通胀率预期'],7.0,[]
加拿大 加拿大1月制造业库存装船比,,baidu_calendar,2026-03-13 20:30,"公布值: 1.76, 预期: nan, 前值: 1.69",其他,-0.1,"['其他金融业', '货币金融服务']",['通胀预期'],7.0,[]
俄罗斯 俄罗斯1月对外贸易(亿美元),,baidu_calendar,2026-03-13 21:00,"公布值: 100.0, 预期: nan, 前值: 100.21",其他,-0.1,"['其他金融业', '货币金融服务']","['消费电子概念', '互联网和相关服务', '软件和信息技术服务业']",5.0,[]
俄罗斯 俄罗斯截至3月6日当周黄金与外汇储备(亿美元),,baidu_calendar,2026-03-13 21:00,"公布值: 8022.0, 预期: nan, 前值: 8111.0",其他,-0.1,"['其他金融业', '零售业']","['消费电子概念', '消费']",7.0,[]
德国 德国1月未季调经常帐(亿欧元),,baidu_calendar,2026-03-13 21:00,"公布值: 170.76, 预期: nan, 前值: 161.0",其他,0.1,"['电力、热力生产和供应业', '燃气生产和供应业', '水的生产和供应业']",[],5.0,[]
美国 美国3月密歇根大学经济现况初值,,baidu_calendar,2026-03-13 22:00,"公布值: 57.8, 预期: 54.6, 前值: 56.6",其他,0.2,"['电力、热力生产和供应业', '燃气生产和供应业', '水的生产和供应业']","['通胀', '物价指数']",7.0,[]
美国 美国1月JOLTs职位空缺(万),,baidu_calendar,2026-03-13 22:00,"公布值: 694.6, 预期: 670.0, 前值: 654.2",行业,0.05,"['石油和天然气开采业', '燃气生产和供应业']",['天然气'],3.0,[]
美国 美国3月密歇根大学5年期通胀率预期初值(%),,baidu_calendar,2026-03-13 22:00,"公布值: 3.2, 预期: 3.4, 前值: 3.3",行业,-0.1,['石油和天然气开采业'],['页岩气'],5.0,[]
美国 美国3月密歇根大学1年期通胀率预期初值(%),,baidu_calendar,2026-03-13 22:00,"公布值: 3.4, 预期: 3.7, 前值: 3.4",其他,0.0,['石油和天然气开采业'],['页岩气'],5.0,[]
美国 美国3月密歇根大学消费者预期初值,,baidu_calendar,2026-03-13 22:00,"公布值: 54.1, 预期: 54.4, 前值: 56.6",行业,0.0,['石油和天然气开采业'],['页岩气'],3.0,[]
美国 美国3月密歇根大学消费者信心指数初值,,baidu_calendar,2026-03-13 22:00,"公布值: 55.5, 预期: 55.0, 前值: 56.6",行业,0.5,['石油和天然气开采业'],['页岩气'],7.0,[]
俄罗斯 俄罗斯2月CPI年率(%),,baidu_calendar,2026-03-14 00:00,"公布值: 5.91, 预期: 5.7, 前值: 6.0",行业,0.1,['石油和天然气开采业'],['石油、煤炭及其他燃料加工业'],7.0,[]
俄罗斯 俄罗斯2月CPI月率(%),,baidu_calendar,2026-03-14 00:00,"公布值: 0.73, 预期: 0.6, 前值: 1.62",行业,-0.2,['石油和天然气开采业'],['页岩气'],7.0,[]
美国 美国截至3月13日当周天然气钻井总数(口),,baidu_calendar,2026-03-14 01:00,"公布值: 133.0, 预期: nan, 前值: 132.0",其他,0.0,['石油和天然气开采业'],"['贵金属', '期货概念']",5.0,[]
北美洲 北美洲截至3月13日当周总钻井总数(口),,baidu_calendar,2026-03-14 01:00,"公布值: 750.0, 预期: nan, 前值: 756.0",其他,0.0,"['贵金属采选业', '有色金属矿采选业']",['黄金概念'],3.0,[]
美国 美国截至3月13日当周全美钻井总数(口),,baidu_calendar,2026-03-14 01:00,"公布值: 553.0, 预期: nan, 前值: 551.0",其他,-0.5,['其他金融业'],['黄金概念'],7.0,[]
美国 美国截至3月13日当周混杂钻井总数(口),,baidu_calendar,2026-03-14 01:00,"公布值: 8.0, 预期: nan, 前值: 8.0",其他,-0.3,"['非金属矿采选业', '其他金融业']",['黄金概念'],7.0,[]
北美洲 北美洲截至3月13日当周墨西哥湾总钻井总数(口),,baidu_calendar,2026-03-14 01:00,"公布值: 11.0, 预期: nan, 前值: 9.0",其他,-0.1,['其他金融业'],['黄金概念'],7.0,[]
美国 美国截至3月13日当周石油钻井总数(口),,baidu_calendar,2026-03-14 01:00,"公布值: 412.0, 预期: nan, 前值: 411.0",其他,0.0,['石油和天然气开采业'],['石油、煤炭及其他燃料加工业'],2.0,[]
加拿大 加拿大截至3月13日当周总钻井数量(口),,baidu_calendar,2026-03-14 01:00,"公布值: 197.0, 预期: nan, 前值: 205.0",其他,-0.5,"['有色金属矿采选业', '金属制品业', '有色金属冶炼和压延加工业']","['黄金概念', '期货概念']",7.0,[]
美国 美国3月12日NYMEX铂金库存-每日更新(百盎司),,baidu_calendar,2026-03-14 06:30,"公布值: 5824.41, 预期: nan, 前值: 5824.41",其他,-0.1,['其他金融业'],['黄金概念'],7.0,[]
美国 美国3月12日NYMEX钯金库存-每日更新(百盎司),,baidu_calendar,2026-03-14 06:30,"公布值: 2007.16, 预期: nan, 前值: 2007.16",其他,-0.4,['其他金融业'],['黄金概念'],7.0,[]
美国 美国3月13日iShares黄金持仓变动-每日(吨),,baidu_calendar,2026-03-14 06:30,"公布值: -6.9, 预期: nan, 前值: 0.0",其他,0.1,"['石油和天然气开采业', '有色金属矿采选业']","['贵金属', '金属钴']",7.0,[]
美国 美国3月12日COMEX黄金库存变动-每日(百盎司),,baidu_calendar,2026-03-14 06:30,"公布值: -1048.45, 预期: nan, 前值: -643.02",其他,-0.1,"['其他金融业', '贵金属冶炼和压延加工业']",['黄金概念'],7.0,[]
美国 美国3月13日SPDR黄金持仓-每日更新(吨),,baidu_calendar,2026-03-14 06:30,"公布值: 1071.57, 预期: nan, 前值: 1075.85",其他,-0.3,['其他金融业'],['黄金概念'],7.0,[]
美国 美国3月12日NYMEX铂金库存变动-每日(百盎司),,baidu_calendar,2026-03-14 06:30,"公布值: 0.0, 预期: nan, 前值: 0.0",其他,-0.5,['其他金融业'],['黄金概念'],7.0,[]
美国 美国3月12日COMEX白银库存变动-每日(百盎司),,baidu_calendar,2026-03-14 06:30,"公布值: -26016.16, 预期: nan, 前值: -2169.78",其他,-0.1,"['贵金属采选业', '有色金属矿采选业']","['期货概念', '黄金概念']",7.0,[]
美国 美国3月13日iShares白银持仓-每日更新(吨),,baidu_calendar,2026-03-14 06:30,"公布值: 15460.18, 预期: nan, 前值: 15539.06",其他,0.0,"['批发业', '零售业']",[],5.0,[]
美国 美国3月13日SPDR黄金持仓变动-每日(吨),,baidu_calendar,2026-03-14 06:30,"公布值: -4.28, 预期: nan, 前值: -1.43",其他,0.0,"['批发业', '零售业']",[],3.0,[]
美国 美国3月12日NYMEX钯金库存变动-每日(百盎司),,baidu_calendar,2026-03-14 06:30,"公布值: 0.0, 预期: nan, 前值: -39.62",其他,0.5,"['批发业', '零售业', '铁路运输业', '道路运输业', '水上运输业', '航空运输业', '多式联运和运输代理业', '装卸搬运和仓储业', '邮政业', '住宿业', '餐饮业', '电信、广播电视和卫星传输服务', '互联网和相关服务', '软件和信息技术服务业', '货币金融服务', '资本市场服务', '保险业', '其他金融业', '房地产业', '租赁业', '商务服务业', '公共设施管理业', '教育', '卫生', '新闻和出版业', '广播、电视、电影和录音制作业', '文化艺术业', '体育']",[],7.0,[]
美国 美国3月12日COMEX黄金库存-每日更新(百盎司),,baidu_calendar,2026-03-14 06:30,"公布值: 325515.62, 预期: nan, 前值: 326564.07",,,,,,
美国 美国3月13日iShares黄金持仓-每日更新(吨),,baidu_calendar,2026-03-14 06:30,"公布值: 487.14, 预期: nan, 前值: 494.04",,,,,,
美国 美国3月13日iShares白银持仓变动-每日(吨),,baidu_calendar,2026-03-14 06:30,"公布值: -78.88, 预期: nan, 前值: 0.0",,,,,,
美国 美国3月12日COMEX白银库存-每日更新(百盎司),,baidu_calendar,2026-03-14 06:30,"公布值: 3417232.08, 预期: nan, 前值: 3443248.24",,,,,,
韩国 韩国2月贸易帐修正值(亿美元),,baidu_calendar,2026-03-15 08:00,"公布值: 153.8, 预期: nan, 前值: 155.1",,,,,,
韩国 韩国2月进口年率修正值(%),,baidu_calendar,2026-03-15 08:00,"公布值: 7.5, 预期: nan, 前值: 7.5",,,,,,
韩国 韩国2月出口年率修正值(%),,baidu_calendar,2026-03-15 08:00,"公布值: 28.7, 预期: nan, 前值: 29.0",,,,,,
,,,,,政策,0.8,"['其他金融业', '公共设施管理业', '零售业', '批发业']",['食品安全'],9.0,[]
重庆合川区市监局回应一企业用双氧水漂白鸡爪：将进一步深挖彻查,https://finance.eastmoney.com/a/202603153672466413.html,eastmoney,2026年03月15日 23:18,,其他,-0.5,"['农副食品加工业', '食品制造业']",['食品安全'],8.0,[]
“3·15”晚会曝光的成都3家涉事企业已被责令停产停业,https://finance.eastmoney.com/a/202603153672464684.html,eastmoney,2026年03月15日 23:17,,其他,-0.8,[],['食品安全'],9.0,[]
央视315晚会曝光“黑心”漂白鸡爪 多氟多子公司被点名 涉违规销售双氧水,https://finance.eastmoney.com/a/202603153672464540.html,eastmoney,2026年03月15日 23:15,,行业,-0.8,"['畜牧业', '农副食品加工业', '食品制造业']",['食品安全'],9.0,['多氟多']
哈啰回应被点名：平台未直接经营过线下门店,https://finance.eastmoney.com/a/202603153672462854.html,eastmoney,2026年03月15日 23:12,,公司,0.0,"['零售业', '互联网和相关服务', '其他金融业']",['共享单车'],3.0,['哈啰']
中邮证券：维生素启动进入涨价通道 后续或有较大上涨空间,https://finance.eastmoney.com/a/202603153672462565.html,eastmoney,2026年03月15日 23:05,,行业,0.8,"['医药制造业', '化学原料和化学制品制造业']","['维生素', '涨价概念']",7.0,[]
市场监管总局：彻查“3·15”晚会曝光的相关违法行为，全力维护消费者合法权益,https://finance.eastmoney.com/a/202603153672465260.html,eastmoney,2026年03月15日 22:59,,政策,0.8,"['其他金融业', '公共设施管理业', '教育', '卫生', '新闻和出版业', '广播、电视、电影和录音制作业', '文化艺术业', '体育', '综合']",['食品安全'],9.0,[]
多平台乖媳妇鸡爪下架,https://finance.eastmoney.com/a/202603153672460150.html,eastmoney,2026年03月15日 22:53,,其他,0.0,"['食品制造业', '零售业']",['预制菜'],5.0,[]
重庆市监局回应315鸡爪问题,https://finance.eastmoney.com/a/202603153672459989.html,eastmoney,2026年03月15日 22:52,,其他,-0.5,"['食品制造业', '农副食品加工业']",['食品安全'],8.0,[]
“3·15”晚会曝光“漂白鸡爪” 重庆涉事企业已被立案调查,https://finance.eastmoney.com/a/202603153672459139.html,eastmoney,2026年03月15日 22:49,,其他,-0.8,"['食品制造业', '农副食品加工业']",['食品安全'],9.0,[]
天津成立联合调查组调查处置被曝光“灏麟生物”相关问题,https://finance.eastmoney.com/a/202603153672459098.html,eastmoney,2026年03月15日 22:49,,其他,-0.5,[],['其他金融业'],7.0,['灏麟生物']
专家：AI大模型投毒是新型不正当竞争,https://finance.eastmoney.com/a/202603153672458768.html,eastmoney,2026年03月15日 22:47,,其他,-0.5,[],['食品安全'],7.0,[]
中新网评：要让荐股分成骗局凉拌,https://finance.eastmoney.com/a/202603153672458687.html,eastmoney,2026年03月15日 22:46,,政策,-0.5,['酒、饮料和精制茶制造业'],['白酒概念'],8.0,[]
市监局回应假专家包装公司被315曝光,https://finance.eastmoney.com/a/202603153672458515.html,eastmoney,2026年03月15日 22:46,,政策,0.8,"['其他金融业', '公共设施管理业', '零售业', '批发业']",['食品安全'],9.0,[]
重拳出击！市场监管总局部署严查酒类产品五大违法违规行为,https://finance.eastmoney.com/a/202603153672454519.html,eastmoney,2026年03月15日 22:36,,其他,-0.8,"['其他金融业', '卫生']",['食品安全'],9.0,[]
AI大模型被“投毒”！今夜，3·15晚会刷屏！曝光荐股分成骗局、漂白鸡爪、外泌体......,https://finance.eastmoney.com/a/202603153672450588.html,eastmoney,2026年03月15日 22:30,,政策,0.5,"['其他金融业', '公共设施管理业', '新闻和出版业', '广播、电视、电影和录音制作业']",['食品安全'],8.0,[]
个贷息费乱象迎严监管！金融监管总局、央行两部门发文：息费全面透明化 对机构、借款人有何实质影响？,https://finance.eastmoney.com/a/202603153672445613.html,eastmoney,2026年03月15日 22:18,,政策,0.5,"['货币金融服务', '其他金融业']","['互联网金融', '电子身份证']",7.0,[]
地区生产总值增5%+，重庆2026年发展计划发布,https://finance.eastmoney.com/a/202603153672458457.html,eastmoney,2026年03月15日 22:03,,其他,0.5,"['其他制造业', '航空航天、船舶和运输设备制造业']",['商业航天'],7.0,[]
全国卫星互联网系统与服务标准化技术委员会获批成立,https://finance.eastmoney.com/a/202603163672885686.html,eastmoney,2026年03月16日 11:02,,政策,0.8,"['其他制造业', '计算机、通信和其他电子设备制造业', '互联网和相关服务', '软件和信息技术服务业']","['卫星导航', '互联网和相关服务', '软件和信息技术服务业', '计算机、通信和其他电子设备制造业']",9.0,[]
深市并购重组提质增效，更好赋能产业转型升级、发展新质生产力,https://finance.eastmoney.com/a/202603163672884766.html,eastmoney,2026年03月16日 10:58,,政策,0.8,"['其他制造业', '电力、热力生产和供应业', '燃气生产和供应业', '水的生产和供应业', '房屋建筑业', '土木工程建筑业', '建筑安装业', '建筑装饰、装修和其他建筑业', '批发业', '零售业', '铁路运输业', '道路运输业', '水上运输业', '航空运输业', '多式联运和运输代理业', '装卸搬运和仓储业', '邮政业', '住宿业', '餐饮业', '电信、广播电视和卫星传输服务', '互联网和相关服务', '软件和信息技术服务业', '货币金融服务', '资本市场服务', '保险业', '其他金融业', '房地产业', '租赁业', '商务服务业', '研究和试验发展', '专业技术服务业', '生态保护和环境治理业', '公共设施管理业', '教育', '卫生', '新闻和出版业', '广播、电视、电影和录音制作业', '文化艺术业', '体育', '综合']","['股权转让(并购重组)', '高端装备', '新能源汽车', '人工智能', '数字经济', '工业互联网', '智能制造', '科技成果转化', '产业升级']",9.0,[]
融资客“看好”这些个股！华工科技上周获买入近150亿元丨资金流向周报,https://finance.eastmoney.com/a/202603163672883629.html,eastmoney,2026年03月16日 10:55,,其他,0.8,[],['融资融券'],7.0,['华工科技']
前两月全国规上工业增加值同比增长6.3%，比上年12月份加快1.1个百分点,https://finance.eastmoney.com/a/202603163672882255.html,eastmoney,2026年03月16日 10:55,,行业,0.8,"['电力、热力生产和供应业', '石油、煤炭及其他燃料加工业', '化学原料和化学制品制造业', '黑色金属冶炼和压延加工业', '有色金属冶炼和压延加工业', '通用设备制造业', '专用设备制造业', '汽车制造业', '铁路、船舶、航空航天和其他运输设备制造业', '电气机械和器材制造业', '计算机、通信和其他电子设备制造业']","['新能源汽车', '锂电池概念', '储能', '动力电池回收', '高端装备', '工业互联网', '智能制造', '绿色电力', '碳中和']",7.0,[]
国家统计局：目前影响国内国际能源价格的不确定因素较多 对国内价格影响还需观察,https://finance.eastmoney.com/a/202603163672875785.html,eastmoney,2026年03月16日 10:51,,其他,0.0,"['石油、煤炭及其他燃料加工业', '电力、热力生产和供应业', '燃气生产和供应业', '煤炭开采和洗选业', '石油和天然气开采业']","['能源价格', '不确定因素']",7.0,[]
国家统计局付凌晖：1—2月份经济运行起步有力、开局良好,https://finance.eastmoney.com/a/202603163672871544.html,eastmoney,2026年03月16日 10:46,,其他,0.8,[],[],0.0,[]
南方电网前两月固定资产投资超250亿元，同比增长95.3%,https://finance.eastmoney.com/a/202603163672877922.html,eastmoney,2026年03月16日 10:44,,公司,0.8,['电力、热力生产和供应业'],"['电力物联网', '固定资产投资']",7.0,['南方电网']
国家统计局：我国能源供给保障能力比较强，应对外部市场波动具有较好基础条件,https://finance.eastmoney.com/a/202603163672878896.html,eastmoney,2026年03月16日 10:44,,政策,0.5,"['电力、热力生产和供应业', '燃气生产和供应业', '水的生产和供应业']",['能源供给保障能力'],8.0,[]
70城房价出炉,https://finance.eastmoney.com/a/202603163672865943.html,eastmoney,2026年03月16日 10:42,,其他,0.0,['房地产业'],['租售同权'],7.0,[]
国家统计局：我国能源供给保障能力比较强 应对外部市场波动具有较好基础条件,https://finance.eastmoney.com/a/202603163672863523.html,eastmoney,2026年03月16日 10:41,,政策,0.8,"['电力、热力生产和供应业', '燃气生产和供应业', '水的生产和供应业', '煤炭开采和洗选业', '石油和天然气开采业']","['能源供给保障', '外部市场波动', '基础条件']",7.0,[]
国家统计局：2026年1—2月份规上工业发电量15718亿千瓦时 同比增长4.1%,https://finance.eastmoney.com/a/202603163672860580.html,eastmoney,2026年03月16日 10:36,,行业,0.5,['电力、热力生产和供应业'],"['绿色电力', '超超临界发电', '电力物联网']",7.0,[]
国家统计局：2026年1—2月份全国固定资产投资同比增长1.8%,https://finance.eastmoney.com/a/202603163672860610.html,eastmoney,2026年03月16日 10:35,,其他,0.1,"['房屋建筑业', '土木工程建筑业', '建筑安装业', '建筑装饰、装修和其他建筑业']",[],5.0,[]
紧跟国家战略 氢能以绿色燃料实践助力产业深度脱碳,https://finance.eastmoney.com/a/202603163672861418.html,eastmoney,2026年03月16日 10:35,,其他,0.8,"['电力、热力生产和供应业', '燃气生产和供应业', '水的生产和供应业', '其他制造业']","['氢能源', '燃料电池', '碳中和', '绿色电力']",9.0,[]
【预告】国新办将于18日举行新闻发布会，介绍2026中关村论坛年会有关情况,https://finance.eastmoney.com/a/202603163672860318.html,eastmoney,2026年03月16日 10:34,,其他,0.0,['综合'],"['中关村论坛', '科技创新']",5.0,[]
国家统计局：1—2月份货物进出口总额77321亿元 同比增长18.3%,https://finance.eastmoney.com/a/202603163672857080.html,eastmoney,2026年03月16日 10:33,,其他,0.8,"['批发业', '零售业', '交通运输业']",['跨境电商'],9.0,[]
西部首单！成都锦江区两大未来产业数据产品成功交易,https://finance.eastmoney.com/a/202603163672855558.html,eastmoney,2026年03月16日 10:32,,其他,0.8,"['互联网和相关服务', '软件和信息技术服务业']","['数据要素', '数字经济']",7.0,[]
开年重要数据出炉！生产、消费回暖,https://finance.eastmoney.com/a/202603163672880739.html,eastmoney,2026年03月16日 10:32,,其他,0.8,"['电力、热力生产和供应业', '燃气生产和供应业', '水的生产和供应业', '房屋建筑业', '土木工程建筑业', '建筑安装业', '建筑装饰、装修和其他建筑业', '批发业', '零售业', '铁路运输业', '道路运输业', '水上运输业', '航空运输业', '多式联运和运输代理业', '装卸搬运和仓储业', '邮政业', '住宿业', '餐饮业', '电信、广播电视和卫星传输服务', '互联网和相关服务', '软件和信息技术服务业', '货币金融服务', '资本市场服务', '保险业', '其他金融业', '房地产业', '租赁业', '商务服务业', '公共设施管理业', '教育', '卫生', '新闻和出版业', '广播、电视、电影和录音制作业', '文化艺术业', '体育']",[],7.0,[]
华为畅享 90系列手机将搭载华为史上最大电池,https://finance.eastmoney.com/a/202603163672851522.html,eastmoney,2026年03月16日 10:27,,公司,0.8,['计算机、通信和其他电子设备制造业'],"['5G', 'AI手机', '华为概念', '华为鲲鹏', '华为昇腾', '华为欧拉', '华为海思概念股', '人工智能', '物联网', '智能穿戴', '芯片概念']",9.0,['华为']
2月70个大中城市商品住宅售价总体环比降幅继续收窄,https://finance.eastmoney.com/a/202603163672859961.html,eastmoney,2026年03月16日 10:26,,行业,0.3,['房地产业'],['租售同权'],7.0,[]
广西国控战略入股柳州银行 省级国资赋能开启产融协同新篇,https://finance.eastmoney.com/a/202603163672860416.html,eastmoney,2026年03月16日 10:21,,公司,1.0,"['货币金融服务', '其他金融业']","['参股银行', '国资云', '国企改革']",8.0,['柳州银行']
央行今日开展1373亿元逆回购操作,https://finance.eastmoney.com/a/202603163672860288.html,eastmoney,2026年03月16日 10:21,,政策,0.2,"['货币金融服务', '其他金融业']",['货币政策'],7.0,[]
国家统计局：2026年1—2月份规模以上工业增加值同比实际增长6.3%,https://finance.eastmoney.com/a/202603163672837956.html,eastmoney,2026年03月16日 10:19,,其他,0.8,"['电力、热力生产和供应业', '石油、煤炭及其他燃料加工业', '化学原料和化学制品制造业', '医药制造业', '计算机、通信和其他电子设备制造业', '电气机械和器材制造业', '通用设备制造业', '专用设备制造业', '汽车制造业', '铁路、船舶、航空航天和其他运输设备制造业']","['新能源汽车', '储能', '锂电池概念', '光伏概念', '5G', 'AI', '人工智能', '工业互联网', '智能制造', '数字经济']",8.0,[]
国家统计局：2026年1—2月份社会消费品零售总额同比增长2.8%,https://finance.eastmoney.com/a/202603163672837564.html,eastmoney,2026年03月16日 10:19,,其他,0.5,['零售业'],[],5.0,[]
全国首个海港交互式旅客智能通关服务系统落地厦门,https://finance.eastmoney.com/a/202603163672836065.html,eastmoney,2026年03月16日 10:19,,其他,0.8,"['航空运输业', '铁路、船舶、航空航天和其他运输设备制造业', '计算机、通信和其他电子设备制造业', '软件和信息技术服务业']","['自由贸易港', 'AI', '智能穿戴', '智能物流', '智能医疗', '物联网', '智慧城市', '人工智能']",9.0,[]
国家统计局：2026年1—2月份全国房地产开发投资9612亿元,https://finance.eastmoney.com/a/202603163672838026.html,eastmoney,2026年03月16日 10:18,,行业,0.1,['房地产业'],['房地产'],7.0,[]
南方电网前两月固定资产投资超250亿元 同比增长95.3%,https://finance.eastmoney.com/a/202603163672832719.html,eastmoney,2026年03月16日 10:17,,公司,1.0,['电力、热力生产和供应业'],"['固定资产投资', '电力物联网']",8.0,['南方电网']
世界首个藏语大语言模型DeepZang在西藏拉萨发布,https://finance.eastmoney.com/a/202603163672830351.html,eastmoney,2026年03月16日 10:14,,其他,0.5,"['计算机、通信和其他电子设备制造业', '软件和信息技术服务业']","['AI', '人工智能', '多模态AI']",8.0,[]
国家统计局：1—2月份全国房地产开发投资9612亿元 同比下降11.1%,https://finance.eastmoney.com/a/202603163672832537.html,eastmoney,2026年03月16日 10:14,,行业,-0.7,['房地产业'],['房地产'],8.0,[]
国家统计局：1—2月份社会消费品零售总额86079亿元 同比增长2.8%,https://finance.eastmoney.com/a/202603163672833088.html,eastmoney,2026年03月16日 10:11,,其他,0.3,['零售业'],['消费电子概念'],7.0,[]
国家统计局：1—2月份全国固定资产投资同比增长1.8%,https://finance.eastmoney.com/a/202603163672833341.html,eastmoney,2026年03月16日 10:11,,其他,0.2,"['房屋建筑业', '土木工程建筑业', '建筑安装业', '建筑装饰、装修和其他建筑业']",[],5.0,[]
国家统计局：1—2月全国服务业生产指数同比增长5.2% 比上年12月份加快0.2个百分点,https://finance.eastmoney.com/a/202603163672832648.html,eastmoney,2026年03月16日 10:11,,其他,0.5,"['电力、热力生产和供应业', '燃气生产和供应业', '水的生产和供应业']",[],5.0,[]
国家统计局：1—2月份，规上工业原煤产量7.6亿吨，同比下降0.3%,https://finance.eastmoney.com/a/202603163672832455.html,eastmoney,2026年03月16日 10:11,,行业,-0.1,"['煤炭开采和洗选业', '石油、煤炭及其他燃料加工业']",['煤炭概念'],7.0,[]
预告：国新办3月18日就2026中关村论坛年会有关情况举行新闻发布会,https://finance.eastmoney.com/a/202603163672832885.html,eastmoney,2026年03月16日 10:11,,其他,0.0,[],[],0.0,[]
国家统计局：1—2月份，全国房地产开发投资9612亿元，同比下降11.1%,https://finance.eastmoney.com/a/202603163672833179.html,eastmoney,2026年03月16日 10:11,,行业,-0.7,['房地产业'],[],8.0,[]
国家统计局：1—2月份主要经济指标明显回升 国民经济开局良好,https://finance.eastmoney.com/a/202603163672822996.html,eastmoney,2026年03月16日 10:10,,其他,0.8,"['电力、热力生产和供应业', '燃气生产和供应业', '水的生产和供应业']",[],8.0,[]
国家统计局：就业形势总体稳定 城镇调查失业率同比持平,https://finance.eastmoney.com/a/202603163672821111.html,eastmoney,2026年03月16日 10:08,,其他,0.1,"['其他金融业', '公共设施管理业', '教育', '卫生', '新闻和出版业', '广播、电视、电影和录音制作业', '文化艺术业', '体育']",[],2.0,[]
国家统计局：1—2月份，全国网上商品和服务零售额32546亿元，同比增长9.2%,https://finance.eastmoney.com/a/202603163672833648.html,eastmoney,2026年03月16日 10:08,,行业,0.8,"['零售业', '互联网和相关服务', '软件和信息技术服务业']","['跨境电商', '数字经济', '互联网和相关服务', '软件和信息技术服务业']",7.0,[]
国家统计局：2026年1—2月份社会消费品零售总额增长2.8%,https://finance.eastmoney.com/a/202603163672834483.html,eastmoney,2026年03月16日 10:08,,其他,0.4,['零售业'],[],5.0,[]
国家统计局：1-2月固定资产投资由降转增，同比增长1.8%,https://finance.eastmoney.com/a/202603163672882567.html,eastmoney,2026年03月16日 10:08,,其他,0.8,"['电力、热力生产和供应业', '石油、煤炭及其他燃料加工业', '化学原料和化学制品制造业', '黑色金属冶炼和压延加工业', '有色金属冶炼和压延加工业', '通用设备制造业', '专用设备制造业', '汽车制造业', '铁路、船舶、航空航天和其他运输设备制造业', '电气机械和器材制造业', '计算机、通信和其他电子设备制造业', '仪器仪表制造业', '其他制造业']","['新能源汽车', '储能', '动力电池回收', '光伏概念', '风电', '核电', '氢能源', '锂电池概念', '5G', 'AI', '人工智能', '工业互联网', '数字经济', '智能制造']",8.0,[]
国家统计局：1—2月份规模以上工业增加值增长6.3%,https://finance.eastmoney.com/a/202603163672833714.html,eastmoney,2026年03月16日 10:08,,其他,0.1,"['其他制造业', '电力、热力生产和供应业', '燃气生产和供应业', '水的生产和供应业']",[],3.0,[]
国家统计局：1-2月全国城镇调查失业率平均值为5.3%,https://finance.eastmoney.com/a/202603163672882045.html,eastmoney,2026年03月16日 10:08,,行业,0.8,"['电力、热力生产和供应业', '石油、煤炭及其他燃料加工业', '化学原料和化学制品制造业', '非金属矿物制品业', '通用设备制造业', '专用设备制造业', '汽车制造业', '电气机械和器材制造业', '计算机、通信和其他电子设备制造业']","['新能源汽车', '锂电池概念', '储能', '光伏概念', '风电', '5G', 'AI', '人工智能', '工业互联网', '数字经济', '绿色电力', '碳中和']",8.0,[]
国家统计局：1-2月全国规上工业增加值同比增长6.3%,https://finance.eastmoney.com/a/202603163672883158.html,eastmoney,2026年03月16日 10:08,,其他,0.5,['零售业'],"['消费电子概念', '消费']",7.0,[]
国家统计局：1-2月社会消费品零售总额86079亿元，同比增长2.8%,https://finance.eastmoney.com/a/202603163672882639.html,eastmoney,2026年03月16日 10:08,,政策,0.8,['生态保护和环境治理业'],"['碳中和', '碳交易']",8.0,[]
自然资源部党组：探索开展海洋碳汇核算 推进海洋碳汇交易,https://finance.eastmoney.com/a/202603163672819257.html,eastmoney,2026年03月16日 10:07,,行业,-0.5,['房地产业'],[],7.0,[]
国家统计局：1—2月份新建商品房销售面积9293万平方米 同比下降13.5%,https://finance.eastmoney.com/a/202603163672814572.html,eastmoney,2026年03月16日 10:05,,行业,0.1,['石油和天然气开采业'],[],3.0,[]
国家统计局：1—2月份规上工业原油产量3573万吨 同比增长1.9%,https://finance.eastmoney.com/a/202603163672808916.html,eastmoney,2026年03月16日 10:04,,行业,0.5,['电力、热力生产和供应业'],"['绿色电力', '电力物联网']",7.0,[]
国家统计局：1—2月份规上工业电力生产增速加快,https://finance.eastmoney.com/a/202603163672805960.html,eastmoney,2026年03月16日 10:04,,政策,0.8,"['电力、热力生产和供应业', '其他制造业', '电力、热力、燃气及水生产和供应业']","['风电', '海上风电', '新能源汽车', '绿色电力', '能源革命']",9.0,[]
自然资源部党组：大力发展海洋新兴产业 推动海上风电规范有序建设,https://finance.eastmoney.com/a/202603163672783726.html,eastmoney,2026年03月16日 10:00,,行业,0.3,['房地产业'],['租售同权'],7.0,[]
自然资源部党组：进一步推动海洋经济深度融入区域发展重大战略 加强主要海湾整体规划,https://finance.eastmoney.com/a/202603163672772034.html,eastmoney,2026年03月16日 09:58,,其他,0.1,"['货币金融服务', '其他金融业']","['货币金融服务', '其他金融业']",5.0,[]
自然资源部党组：加快培育海洋科技领军企业和涉海专精特新中小企业,https://finance.eastmoney.com/a/202603163672769319.html,eastmoney,2026年03月16日 09:57,,其他,0.0,[],[],0.0,[]
中粮集团、国调二期协同发展基金等成立新兴产业股权投资合伙企业,https://finance.eastmoney.com/a/202603163672753435.html,eastmoney,2026年03月16日 09:55,,其他,0.8,"['其他制造业', '计算机、通信和其他电子设备制造业']","['AI', '机器人概念', '机器视觉']",9.0,[]
国家统计局：2月份商品住宅销售价格环比降幅继续收窄,https://finance.eastmoney.com/a/202603163672763556.html,eastmoney,2026年03月16日 09:52,,行业,0.1,['房地产业'],['租售同权'],6.0,[]
人民银行开展1373亿元7天期逆回购 公开市场实现净回笼112亿元,https://finance.eastmoney.com/a/202603163672764943.html,eastmoney,2026年03月16日 09:52,,行业,-0.5,['房地产业'],['房地产销售'],8.0,[]
预告：国新办将于3月18日就2026中关村论坛年会有关情况举行新闻发布会,https://finance.eastmoney.com/a/202603163672696019.html,eastmoney,2026年03月16日 09:46,,其他,0.5,"['教育', '计算机、通信和其他电子设备制造业']","['网络安全', '教育']",7.0,[]
突破具身智能两大痛点 上海人工智能研究院孵出机器人的“心灵手巧”,https://finance.eastmoney.com/a/202603163672691725.html,eastmoney,2026年03月16日 09:43,,政策,0.8,['橡胶和塑料制品业'],"['自由贸易港', '海南自贸区']",7.0,[]
国家统计局：2月份，一线城市新建商品住宅销售价格环比由上月下降0.3%转为持平,https://finance.eastmoney.com/a/202603163672834129.html,eastmoney,2026年03月16日 09:43,,政策,0.8,['橡胶和塑料制品业'],"['自由贸易港', '海南自贸区']",7.0,['海胶集团']
国家统计局：2月份 一线城市新建商品住宅销售价格同比下降2.2%,https://finance.eastmoney.com/a/202603163672833879.html,eastmoney,2026年03月16日 09:43,,行业,-0.5,['房地产业'],['租售同权'],8.0,[]
全国唯一独立设置网安类本科高校今秋招生,https://finance.eastmoney.com/a/202603163672649857.html,eastmoney,2026年03月16日 09:39,,公司,0.5,['餐饮业'],"['参股保险', '举牌']",7.0,['西贝']
海南：做强天然橡胶产业发展基金 积极吸引国家级基金等长期资本参与,https://finance.eastmoney.com/a/202603163672632534.html,eastmoney,2026年03月16日 09:37,,其他,0.5,"['货币金融服务', '其他金融业']",['货币金融服务'],7.0,[]
海南：支持海胶集团整合境内外橡胶现货交易系统 探索建设国际化橡胶产品及衍生品数字化交易平台,https://finance.eastmoney.com/a/202603163672636379.html,eastmoney,2026年03月16日 09:35,,其他,0.5,"['其他制造业', '电力、热力生产和供应业', '房屋建筑业', '建筑装饰、装修和其他建筑业']","['粤港澳大湾区', '两业融合']",7.0,[]
国家统计局：2月份一线城市新建商品住宅销售价格同比下降2.2% 降幅比上月扩大0.1个百分点,https://finance.eastmoney.com/a/202603163672608557.html,eastmoney,2026年03月16日 09:33,,其他,-0.5,"['其他制造业', '批发业', '零售业']",['食品安全'],8.0,[]
95亿身家富豪入股西贝,https://finance.eastmoney.com/a/202603163672590936.html,eastmoney,2026年03月16日 09:28,,行业,0.8,['电力、热力生产和供应业'],['超超临界发电'],7.0,['内蒙古能源集团']
央行公开市场开展1373亿元7天期逆回购操作,https://finance.eastmoney.com/a/202603163672878069.html,eastmoney,2026年03月16日 09:26,,政策,0.8,"['房地产业', '其他金融业']",['公积金改革'],7.0,[]
央行公开市场今日净投放888亿元,https://finance.eastmoney.com/a/202603163672584149.html,eastmoney,2026年03月16日 09:22,,政策,0.5,"['批发业', '零售业', '其他金融业', '交通运输业']","['自由贸易港', '跨境电商', '一带一路']",7.0,[]
广东“最强春招”背后：“高精尖”东南飞，两业融合重塑人才流向,https://finance.eastmoney.com/a/202603163672585091.html,eastmoney,2026年03月16日 09:21,,其他,0.0,[],[],0.0,[]
“3·15晚会”后，多地连夜查处涉事企业,https://finance.eastmoney.com/a/202603163672581695.html,eastmoney,2026年03月16日 09:18,,其他,-0.5,"['纺织业', '纺织服装、服饰业']",['纺织业'],7.0,[]
内蒙古能源集团金山三期机组成功入选内蒙古自治区2025年度能源行业十大科技创新成果,https://finance.eastmoney.com/a/202603163672581780.html,eastmoney,2026年03月16日 09:17,,其他,0.0,"['货币金融服务', '其他金融业']",[],0.0,[]
公积金改革定调后，今年超30地已密集优化，这些领域成为发力重点,https://finance.eastmoney.com/a/202603163672581155.html,eastmoney,2026年03月16日 09:15,,行业,0.8,['计算机、通信和其他电子设备制造业'],"['算力租赁', '东数西算(算力)']",9.0,[]
国务院国资委最新回应：“一头在外”的贸易可以做！,https://finance.eastmoney.com/a/202603163672576744.html,eastmoney,2026年03月16日 09:12,,其他,0.0,"['渔业', '其他制造业']","['电子竞技', '网络游戏']",7.0,[]
广西锚定“关键金属”下了怎样一盘大棋？,https://finance.eastmoney.com/a/202603163672577525.html,eastmoney,2026年03月16日 09:12,,其他,0.5,"['货币金融服务', '其他金融业']","['金融总量', '非法售卖债券']",7.0,[]
中国纺织工业联合会党委常委、副会长端小平被查,https://finance.eastmoney.com/a/202603163672575583.html,eastmoney,2026年03月16日 09:10,,其他,0.5,[],[],0.0,[]
中国人民银行副行长陆磊出席美洲开发银行集团2026年年会,https://finance.eastmoney.com/a/202603163672573342.html,eastmoney,2026年03月16日 09:08,,其他,-0.3,['其他金融业'],['融资融券'],7.0,[]
机构：国产算力全产业链景气加速,https://finance.eastmoney.com/a/202603163672576130.html,eastmoney,2026年03月16日 09:01,,其他,0.5,"['其他制造业', '航空航天、交通运输设备']",['商业航天'],7.0,"['中科宇航', '中国科学院上海药物研究所']"
今日数据精选：第一批被反噬的“养虾人”出现；游戏代打陪练职位增速283%,https://finance.eastmoney.com/a/202603163672579516.html,eastmoney,2026年03月16日 08:56,,政策,-0.5,[],"['一带一路', '自由贸易港']",8.0,[]
债市早参3月16日|2月新增社融2.38万亿，权威专家解读称金融总量有望延续合理增长；警方侦破非法售卖长期停牌债券案,https://finance.eastmoney.com/a/202603163672569764.html,eastmoney,2026年03月16日 08:54,,其他,0.5,"['其他金融业', '综合']","['一带一路', '自由贸易港', '数字经济']",7.0,[]
布局正当时｜“新”字打头阵 “稳”字为中坚,https://finance.eastmoney.com/a/202603163672571328.html,eastmoney,2026年03月16日 08:50,,其他,-0.5,"['计算机、通信和其他电子设备制造业', '软件和信息技术服务业', '互联网和相关服务']","['AI', '人工智能', '数据安全', '算力租赁']",8.0,[]
两市融资余额减少126.08亿元,https://finance.eastmoney.com/a/202603163672565927.html,eastmoney,2026年03月16日 08:48,,政策,0.5,"['医药制造业', '其他制造业', '卫生']","['京津冀一体化', '医疗器械概念']",8.0,[]
中科宇航与中国科学院上海药物研究所签署合作协议,https://finance.eastmoney.com/a/202603163672564860.html,eastmoney,2026年03月16日 08:46,,其他,-0.3,"['计算机、通信和其他电子设备制造业', '软件和信息技术服务业']","['AI', '人工智能', '英伟达概念']",8.0,['英伟达']
就美对包括中国在内的60个经济体发起301调查，商务部回应！,https://finance.eastmoney.com/a/202603163672570693.html,eastmoney,2026年03月16日 08:42,,政策,0.5,"['其他制造业', '公共设施管理业']",['食品安全'],8.0,[]
中美经贸磋商在法国巴黎举行；“十五五”规划纲要首提数智化丨盘前情报,https://finance.eastmoney.com/a/202603163672563276.html,eastmoney,2026年03月16日 08:41,,行业,0.8,"['汽车制造业', '铁路、船舶、航空航天和其他运输设备制造业', '电气机械和器材制造业', '计算机、通信和其他电子设备制造业']","['工业互联网', '车联网(车路协同)', '人工智能', '无人驾驶', '汽车电子', '汽车芯片', '新能源汽车', '未来工厂']",9.0,[]
3月16日投资避雷针：315晚会曝光AI大模型被投毒 给AI投毒已成产业链,https://finance.eastmoney.com/a/202603163672562244.html,eastmoney,2026年03月16日 08:39,,其他,0.5,['医药制造业'],['脑机接口'],8.0,[]
京津冀耗材集采再落子：国产包揽95%中选份额，外资仅4家留守,https://finance.eastmoney.com/a/202603163672561934.html,eastmoney,2026年03月16日 08:39,,政策,0.8,['农业'],"['生态农业', '种业振兴']",8.0,[]
早报|315晚会曝光AI大模型被投毒 英伟达GTC大会即将召开,https://finance.eastmoney.com/a/202603163672561446.html,eastmoney,2026年03月16日 08:38,,其他,0.5,"['计算机、通信和其他电子设备制造业', '软件和信息技术服务业']","['AI', '虚拟数字人', '人工智能', '数字孪生']",8.0,[]
“产业大脑”+“未来工厂”驱动车企全速疾驰,https://finance.eastmoney.com/a/202603163672556912.html,eastmoney,2026年03月16日 08:28,,政策,0.8,['卫生'],"['医保', '基本医保']",7.0,[]
超声脑机接口为肿瘤药物“开门”,https://finance.eastmoney.com/a/202603163672555287.html,eastmoney,2026年03月16日 08:24,,其他,0.5,"['医药制造业', '计算机、通信和其他电子设备制造业']","['脑机接口', '医疗器械概念']",8.0,[]
湖北：深入实施种业振兴行动 大力发展农业微生物产业,https://finance.eastmoney.com/a/202603163672554822.html,eastmoney,2026年03月16日 08:23,,政策,-0.2,"['其他金融业', '房地产业']","['个人贷款息费披露', '房地产开发']",7.0,['京投发展']
高精度数据库让虚拟人更逼真,https://finance.eastmoney.com/a/202603163672554736.html,eastmoney,2026年03月16日 08:22,,其他,0.0,[],[],0.0,[]
中信证券：生猪养殖亏损叠加调控深化 去产能有望加速,https://finance.eastmoney.com/a/202603163672554445.html,eastmoney,2026年03月16日 08:21,,行业,0.2,"['电力、热力生产和供应业', '电气机械和器材制造业']",['固态电池'],7.0,[]
国家医保局：2025年基本医保参保率巩固在95％,https://finance.eastmoney.com/a/202603163672558925.html,eastmoney,2026年03月16日 08:16,,其他,0.1,"['电力、热力生产和供应业', '燃气生产和供应业', '水的生产和供应业']",['通胀概念'],7.0,[]
首款侵入式脑机接口医疗器械获批；“增肌神药”黑产链被曝光,https://finance.eastmoney.com/a/202603163672553284.html,eastmoney,2026年03月16日 08:15,,其他,0.1,"['电力、热力生产和供应业', '燃气生产和供应业']",['通胀概念'],7.0,[]
盘前必读丨个人贷款息费披露迎强监管；京投发展拟剥离房地产开发业务,https://finance.eastmoney.com/a/202603163672551638.html,eastmoney,2026年03月16日 08:13,,行业,0.05,"['石油和天然气开采业', '燃气生产和供应业']",['天然气'],3.0,[]
四大证券报精华摘要：3月16日,https://finance.eastmoney.com/a/202603163672556372.html,eastmoney,2026年03月16日 08:13,,行业,-0.1,['石油和天然气开采业'],['页岩气'],7.0,[]
欧阳明高院士：全固态电池产业化还需3—5年,https://finance.eastmoney.com/a/202603163672548978.html,eastmoney,2026年03月16日 08:07,,行业,0.1,['石油和天然气开采业'],['页岩气'],7.0,[]
新西兰 新西兰2月BNZ服务业表现指数,,baidu_calendar,2026-03-16 05:30,"公布值: 49.2, 预期: nan, 前值: 50.9",其他,0.5,['其他制造业'],[],7.0,[]
新西兰 新西兰2月电子卡零售销售年率(%),,baidu_calendar,2026-03-16 05:45,"公布值: 1.5, 预期: nan, 前值: 0.4",行业,0.6,"['石油、煤炭及其他燃料加工业', '电力、热力生产和供应业', '燃气生产和供应业', '水的生产和供应业']",[],8.0,[]
新西兰 新西兰2月电子卡零售销售月率(%),,baidu_calendar,2026-03-16 05:45,"公布值: 1.4, 预期: nan, 前值: -1.1",其他,0.5,['零售业'],[],7.0,[]
英国 英国3月Rightmove平均房屋要价指数年率(%),,baidu_calendar,2026-03-16 08:01,"公布值: -0.2, 预期: nan, 前值: 0.0",其他,0.5,['零售业'],"['消费电子概念', '零售业']",7.0,[]
英国 英国3月Rightmove平均房屋要价指数月率(%),,baidu_calendar,2026-03-16 08:01,"公布值: 0.8, 预期: nan, 前值: 0.0",其他,0.6,['零售业'],[],8.0,[]
中国 中国2月规模以上工业增加值月率-单月(%),,baidu_calendar,2026-03-16 10:00,"公布值: 0.83, 预期: nan, 前值: 0.49",其他,0.9,"['房屋建筑业', '土木工程建筑业', '建筑安装业', '建筑装饰、装修和其他建筑业']",[],8.0,[]
中国 中国1-2月规模以上工业增加值年率-单月(%),,baidu_calendar,2026-03-16 10:00,"公布值: 6.3, 预期: 5.0, 前值: 5.2",其他,0.5,"['房屋建筑业', '土木工程建筑业']",[],7.0,[]
中国 中国2月社会消费品零售总额月率(%),,baidu_calendar,2026-03-16 10:00,"公布值: 0.81, 预期: nan, 前值: -0.12",其他,0.2,['零售业'],[],7.0,[]
中国 中国1-2月社会消费品零售总额月率(%),,baidu_calendar,2026-03-16 10:00,"公布值: 0.81, 预期: nan, 前值: -0.12",其他,0.5,"['房屋建筑业', '土木工程建筑业', '建筑安装业', '建筑装饰、装修和其他建筑业']",[],7.0,[]
中国 中国1-2月社会消费品零售总额年率(%),,baidu_calendar,2026-03-16 10:00,"公布值: 2.8, 预期: 2.5, 前值: 0.9",其他,0.68,"['电力、热力生产和供应业', '石油、煤炭及其他燃料加工业', '化学原料和化学制品制造业', '黑色金属冶炼和压延加工业', '有色金属冶炼和压延加工业', '通用设备制造业', '专用设备制造业', '汽车制造业', '铁路、船舶、航空航天和其他运输设备制造业', '电气机械和器材制造业', '计算机、通信和其他电子设备制造业', '仪器仪表制造业', '其他制造业']","['新能源汽车', '储能', '动力电池回收', '锂电池概念', '光伏概念', '风电', '核电', '氢能源', '碳中和', '绿色电力']",7.0,[]
中国 中国1-2月城镇固定资产投资年率-年初至今(%),,baidu_calendar,2026-03-16 10:00,"公布值: 1.8, 预期: -2.1, 前值: -3.8",行业,0.2,"['电力、热力生产和供应业', '石油、煤炭及其他燃料加工业', '化学原料和化学制品制造业', '黑色金属冶炼和压延加工业', '有色金属冶炼和压延加工业', '通用设备制造业', '专用设备制造业', '汽车制造业', '铁路、船舶、航空航天和其他运输设备制造业', '电气机械和器材制造业', '计算机、通信和其他电子设备制造业', '仪器仪表制造业', '其他制造业']",[],7.0,[]
中国 中国1-2月城镇固定资产投资月率(%),,baidu_calendar,2026-03-16 10:00,"公布值: 0.39, 预期: nan, 前值: -1.13",其他,0.1,"['其他金融业', '公共设施管理业']",[],5.0,[]
中国 中国1-2月社会消费品零售总额年率-年初至今(%),,baidu_calendar,2026-03-16 10:00,"公布值: 2.8, 预期: nan, 前值: 3.7",其他,0.0,"['电力、热力生产和供应业', '燃气生产和供应业', '水的生产和供应业']",[],5.0,[]
中国 中国2月城镇固定资产投资月率(%),,baidu_calendar,2026-03-16 10:00,"公布值: 0.39, 预期: nan, 前值: -1.13",其他,0.0,['电力、热力生产和供应业'],"['电力物联网', '绿色电力']",5.0,[]
中国 中国1-2月规模以上工业增加值月率-单月(%),,baidu_calendar,2026-03-16 10:00,"公布值: 0.83, 预期: nan, 前值: 0.49",其他,0.0,['零售业'],[],0.0,[]
中国 中国1-2月规模以上工业增加值年率-年初至今(%),,baidu_calendar,2026-03-16 10:00,"公布值: 6.3, 预期: nan, 前值: 5.9",其他,0.0,"['批发业', '零售业']",[],3.0,[]
中国 中国1-2月城镇调查失业率(%),,baidu_calendar,2026-03-16 10:00,"公布值: 5.3, 预期: 5.1, 前值: 5.1",其他,0.0,"['农副食品加工业', '食品制造业']",['食品安全'],5.0,[]
中国 中国1-2月全社会用电量年率-每月,,baidu_calendar,2026-03-16 11:40,"公布值: nan, 预期: nan, 前值: 6.2",其他,0.0,"['农副食品加工业', '食品制造业']",['食品安全'],3.0,[]
中国 中国1-2月全社会用电量-每月,,baidu_calendar,2026-03-16 11:40,"公布值: nan, 预期: nan, 前值: 8356.0",其他,0.1,"['批发业', '零售业']",[],3.0,[]
日本 日本2月超市销售年率(%),,baidu_calendar,2026-03-16 13:00,"公布值: nan, 预期: nan, 前值: 2.7",其他,-0.5,['石油、煤炭及其他燃料加工业'],"['煤炭概念', '石油、煤炭及其他燃料加工业']",7.0,[]
印度 印度2月制造业WPI年率-批发分项(%),,baidu_calendar,2026-03-16 14:30,"公布值: nan, 预期: nan, 前值: 2.86",其他,0.0,"['有色金属矿采选业', '金属制品业', '有色金属冶炼和压延加工业']",['期货概念'],5.0,[]
印度 印度2月食品WPI月率-批发分项(%),,baidu_calendar,2026-03-16 14:30,"公布值: nan, 预期: nan, 前值: 1.41",其他,-0.1,"['有色金属冶炼和压延加工业', '金属制品业']",['金属铜'],5.0,[]
印度 印度2月食品WPI年率-批发分项(%),,baidu_calendar,2026-03-16 14:30,"公布值: nan, 预期: nan, 前值: 1.55",其他,0.0,['其他金融业'],['黄金概念'],5.0,[]
印度 印度2月批发物价指数WPI年率(%),,baidu_calendar,2026-03-16 14:30,"公布值: nan, 预期: 2.0, 前值: 1.81",其他,0.0,['石油、煤炭及其他燃料加工业'],['期货概念'],2.0,[]
印度 印度2月燃料WPI年率-批发分项(%),,baidu_calendar,2026-03-16 14:30,"公布值: nan, 预期: nan, 前值: -4.01",其他,0.0,"['石油和天然气开采业', '石油、煤炭及其他燃料加工业']",['期货概念'],3.0,[]
中国 中国3月16日上期所每日仓单变动-白银(千克),,baidu_calendar,2026-03-16 15:10,"公布值: nan, 预期: nan, 前值: 16592.0",其他,-0.5,['其他金融业'],[],5.0,[]
中国 中国3月16日上期所每日仓单变动-铜(吨),,baidu_calendar,2026-03-16 15:10,"公布值: nan, 预期: nan, 前值: -11264.0",其他,0.0,"['货币金融服务', '其他金融业']",[],0.0,[]
中国 中国3月16日上期所每日仓单变动-黄金(千克),,baidu_calendar,2026-03-16 15:10,"公布值: nan, 预期: nan, 前值: -3.0",其他,0.0,['货币金融服务'],[],0.0,[]
中国 中国3月16日上期所每日仓单变动-燃料油(吨),,baidu_calendar,2026-03-16 15:10,"公布值: nan, 预期: nan, 前值: 0.0",其他,0.0,"['电力、热力生产和供应业', '燃气生产和供应业', '水的生产和供应业']",[],5.0,[]
中国 中国3月16日上期所每日仓单变动-原油(桶),,baidu_calendar,2026-03-16 15:10,"公布值: nan, 预期: nan, 前值: 0.0",其他,0.0,"['电力、热力生产和供应业', '房屋建筑业', '土木工程建筑业', '建筑安装业', '建筑装饰、装修和其他建筑业']",[],5.0,[]
中国 中国2月实际外商直接投资年率CNY-年初至今(%),,baidu_calendar,2026-03-16 16:00,"公布值: nan, 预期: nan, 前值: -5.7",其他,0.0,"['批发业', '零售业']",[],5.0,[]
瑞士 瑞士截至3月13日当周国内活期存款周平均额(亿瑞郎),,baidu_calendar,2026-03-16 17:00,"公布值: nan, 预期: nan, 前值: 4288.61",其他,0.0,"['批发业', '零售业']",[],5.0,[]
瑞士 瑞士截至3月13日当周活期存款总计金额(亿瑞郎),,baidu_calendar,2026-03-16 17:00,"公布值: nan, 预期: nan, 前值: 4540.72",其他,-0.2,"['批发业', '零售业', '铁路运输业', '道路运输业', '水上运输业', '航空运输业', '多式联运和运输代理业', '装卸搬运和仓储业', '邮政业']",[],5.0,[]
全球 全球2月工业生产周期转折点领先指标,,baidu_calendar,2026-03-16 17:36,"公布值: nan, 预期: nan, 前值: 100.85",其他,0.0,"['电力、热力生产和供应业', '燃气生产和供应业', '水的生产和供应业']",[],0.0,[]
印度 印度2月基础设施产值年率(%),,baidu_calendar,2026-03-16 19:30,"公布值: nan, 预期: nan, 前值: 4.0",其他,0.0,"['电力、热力生产和供应业', '燃气生产和供应业', '水的生产和供应业']",[],3.0,[]
印度 印度2月出口额USD终值(亿美元),,baidu_calendar,2026-03-16 19:30,"公布值: nan, 预期: nan, 前值: 365.6",其他,0.0,"['其他制造业', '电力、热力生产和供应业', '燃气生产和供应业', '水的生产和供应业']",[],0.0,[]
印度 印度2月进口额USD终值(亿美元),,baidu_calendar,2026-03-16 19:30,"公布值: nan, 预期: nan, 前值: 712.4",其他,0.0,"['房屋建筑业', '建筑装饰、装修和其他建筑业']",[],5.0,[]
印度 印度2月政府贸易赤字USD终值(亿美元),,baidu_calendar,2026-03-16 19:30,"公布值: nan, 预期: 288.0, 前值: 346.8",其他,-0.2,"['电力、热力生产和供应业', '其他制造业']",[],5.0,[]
巴西 巴西2月联邦税收收入-未季调(亿雷亚尔),,baidu_calendar,2026-03-16 20:00,"公布值: nan, 预期: nan, 前值: 3257.5",其他,0.0,"['电力、热力生产和供应业', '燃气生产和供应业', '水的生产和供应业']",[],0.0,[]
巴西 巴西1月IBC-BR经济活动指数月率(%),,baidu_calendar,2026-03-16 20:00,"公布值: nan, 预期: nan, 前值: -0.2",其他,0.5,"['其他金融业', '电力、热力生产和供应业', '燃气生产和供应业', '水的生产和供应业']","['通胀概念', 'CPI']",7.0,[]
加拿大 加拿大截至3月13日全国经济信心指数,,baidu_calendar,2026-03-16 20:00,"公布值: nan, 预期: nan, 前值: 53.8",其他,0.0,"['其他制造业', '电力、热力生产和供应业']",[],0.0,[]
加拿大 加拿大2月新屋开工(万户),,baidu_calendar,2026-03-16 20:15,"公布值: nan, 预期: nan, 前值: 23.8",其他,0.0,['其他制造业'],[],0.0,[]
美国 美国3月纽约联储制造业指数,,baidu_calendar,2026-03-16 20:30,"公布值: nan, 预期: 3.9, 前值: 7.1",其他,0.0,[],[],0.0,[]
加拿大 加拿大2月核心CPI-普通年率(%),,baidu_calendar,2026-03-16 20:30,"公布值: nan, 预期: nan, 前值: 2.7",其他,0.35,['其他金融业'],['货币金融服务'],7.0,[]
加拿大 加拿大2月核心CPI月率-季调后(%),,baidu_calendar,2026-03-16 20:30,"公布值: nan, 预期: nan, 前值: 0.3",其他,0.0,['其他制造业'],[],0.0,[]
美国 美国3月纽约联储制造业价格支付指数,,baidu_calendar,2026-03-16 20:30,"公布值: nan, 预期: nan, 前值: 49.1",其他,0.5,"['电力、热力生产和供应业', '燃气生产和供应业', '水的生产和供应业']",['通胀'],7.0,[]
美国 美国3月纽约联储制造业新订单指数,,baidu_calendar,2026-03-16 20:30,"公布值: nan, 预期: nan, 前值: 5.8",其他,0.0,"['电力、热力生产和供应业', '燃气生产和供应业', '水的生产和供应业']",[],0.0,[]
加拿大 加拿大2月核心CPI-加权中值年率(%),,baidu_calendar,2026-03-16 20:30,"公布值: nan, 预期: nan, 前值: 2.6",政策,0.5,"['货币金融服务', '其他金融业']","['货币政策', '利率政策']",7.0,[]
加拿大 加拿大2月未季调CPI月率(%),,baidu_calendar,2026-03-16 20:30,"公布值: nan, 预期: 0.7, 前值: 0.0",其他,0.0,[],[],0.0,[]
美国 美国3月纽约联储制造业价格获得指数,,baidu_calendar,2026-03-16 20:30,"公布值: nan, 预期: nan, 前值: 22.2",其他,0.0,"['电力、热力生产和供应业', '燃气生产和供应业', '水的生产和供应业']",[],0.0,[]
加拿大 加拿大2月季调后CPI年率(%),,baidu_calendar,2026-03-16 20:30,"公布值: nan, 预期: nan, 前值: 2.21",其他,0.0,['其他制造业'],[],0.0,[]
美国 美国3月纽约联储制造业就业指数,,baidu_calendar,2026-03-16 20:30,"公布值: nan, 预期: nan, 前值: 4.0",其他,0.0,"['电力、热力生产和供应业', '燃气生产和供应业', '水的生产和供应业', '其他金融业']","['货币金融服务', '其他金融业']",5.0,[]
加拿大 加拿大2月央行核心CPI年率-未季调(%),,baidu_calendar,2026-03-16 20:30,"公布值: nan, 预期: nan, 前值: 2.6",其他,0.0,"['电力、热力生产和供应业', '燃气生产和供应业', '水的生产和供应业']",[],0.0,[]
加拿大 加拿大2月核心CPI-截尾调整年率(%),,baidu_calendar,2026-03-16 20:30,"公布值: nan, 预期: 2.4, 前值: 2.4",其他,0.2,"['其他金融业', '货币金融服务']",[],5.0,[]
加拿大 加拿大2月CPI读数(%),,baidu_calendar,2026-03-16 20:30,"公布值: nan, 预期: nan, 前值: 165.0",行业,0.0,"['其他制造业', '电力、热力生产和供应业', '燃气生产和供应业', '水的生产和供应业']",[],0.0,[]
美国 美国3月纽约联储制造业未来6个月预期指数,,baidu_calendar,2026-03-16 20:30,"公布值: nan, 预期: nan, 前值: 34.7",其他,-0.5,"['电力、热力生产和供应业', '石油、煤炭及其他燃料加工业']",[],7.0,[]
加拿大 加拿大2月央行核心CPI月率(%),,baidu_calendar,2026-03-16 20:30,"公布值: nan, 预期: nan, 前值: 0.2",行业,-0.3,['其他制造业'],[],5.0,[]
加拿大 加拿大2月季调后CPI月率(%),,baidu_calendar,2026-03-16 20:30,"公布值: nan, 预期: nan, 前值: 0.1",其他,-0.3,"['电力、热力生产和供应业', '石油、煤炭及其他燃料加工业']",[],5.0,[]
加拿大 加拿大2月未季调CPI年率(%),,baidu_calendar,2026-03-16 20:30,"公布值: nan, 预期: 1.9, 前值: 2.3",其他,0.0,"['电力、热力生产和供应业', '石油、煤炭及其他燃料加工业']",[],3.0,[]
美国 美国2月制造业产能利用率(%),,baidu_calendar,2026-03-16 21:15,"公布值: nan, 预期: nan, 前值: 75.6",行业,0.1,['房地产业'],['房地产'],7.0,[]
美国 美国2月工业产出年率-季调后(%),,baidu_calendar,2026-03-16 21:15,"公布值: nan, 预期: nan, 前值: 2.28",其他,0.0,"['货币金融服务', '其他金融业']",['国债'],5.0,[]
美国 美国2月制造业产出月率(%),,baidu_calendar,2026-03-16 21:15,"公布值: nan, 预期: 0.1, 前值: 0.6",其他,0.0,"['货币金融服务', '其他金融业']","['3D打印', '5G', 'AI', '6G概念', 'AI手机', 'AI语料', '阿里巴巴概念', '安防', '白酒概念', 'BC电池', '百度概念', '丙烯酸', '冰雪产业', '比亚迪概念', '参股保险', '宁德时代概念', '参股券商', '草甘膦', '参股银行', '长安汽车概念', '长三角一体化', '超超临界发电', '超导概念', '超级电容', '超级品牌', '车联网(车路协同)', '成飞概念', '充电桩', '宠物经济', '重组蛋白', '抽水蓄能', '传感器', '创投', '创新药', '储能', '存储芯片', '大豆', '大飞机', '代糖概念', '国家大基金持股', '锂电池概念', '电子竞技', '电子身份证', '低空经济', '第三代半导体', '地下管网', '电力物联网', '动力电池回收', '东数西算(算力)', '动物疫苗', '抖音概念(字节概念)', '短剧游戏', '独角兽概念', '多模态AI', '电子纸', 'EDR概念', 'ERP概念', '三胎概念', 'ETC', '俄乌冲突概念', 'F5G概念', '仿制药一致性评价', '钒电池', '飞行汽车(eVTOL)', '风电', '芬太尼', '氟化工概念', '福建自贸区', '富士康概念', '辅助生殖', '钙钛矿电池', '肝炎概念', '高端装备', '高股息精选', '高铁', '高压快充', '高压氧舱', '共封装光学(CPO)', '共同富裕示范区', '工业大麻', '工业互联网', '工业母机', '股权转让(并购重组)', '广东自贸区', '光伏概念', '光刻机', '光刻胶', '光热发电', '固废处理', '硅能源', '国产操作系统', '军工', '国企改革', '国资云', '固态电池', '金属钴', '共享单车', '供销社', '海工装备', '海南自贸区', '海峡两岸', '航空发动机', '国产航母', '航运概念', '毫米波雷达', '合成生物', '核电', '黑龙江自贸区', '横琴新区', '核污染防治', '互联网金融', '鸿蒙概念', '猴痘概念', '化肥', '换电概念', '黄金概念', '环氧丙烷', '华为概念', '华为海思概念股', '华为鲲鹏', '华为欧拉', '华为汽车', '华为昇腾', '沪股通', '互联网保险', '减肥药', '减速器', '建筑节能', '家庭医生', '家用电器', '京津冀一体化', '净水概念', '金属回收', '金属铅', '金属锌', '机器人概念', '机器视觉', '基因测序', '军工信息化', '军民融合', '举牌', '科创次新股', '可降解塑料', '可控核聚变', '可燃冰', '空间计算', '空气能热泵', '快手概念', '跨境电商', '垃圾分类', '冷链物流', '两轮车', '粮食概念', '量子科技', '磷化工', '流感', '露营经济', '绿色电力', '生态农业', '旅游概念', '毛发医疗', '蚂蚁集团概念', '煤化工概念', '煤炭概念', '免税店', '民爆概念', 'MiniLED', '民营医院', '钠离子电池', '脑机接口', 'NFT概念', '金属镍', '农村电商', '农机', '农业种植', 'OLED', 'PCB概念', 'PEEK材料', '培育钻石', 'PET铜箔', '啤酒概念', '拼多多概念', '苹果概念', 'PM2.5', 'POE胶膜', 'PPP概念', '汽车拆解概念', '汽车电子', '汽车热管理', '汽车芯片', '期货概念', '青蒿素', '氢能源', '禽流感', '区块链', '染料', '燃料电池', '人工智能', '人形机器人', '人造肉', '人脸识别', '融资融券', '柔性屏(折叠屏)', '柔性直流输电', '乳业', '赛马概念', '上海国企改革', '上海自贸区', '商业航天', '深股通', '生物疫苗', '生物质能发电', '深圳国企改革', '时空大数据', '石墨电极', '石墨烯', '食品安全', '手机游戏', '水利', '水泥概念股', '数据安全', '数据确权', '数据要素', '数据中心', '数字货币', '数字经济', '数字孪生', '数字学生', '数字水印', '数字乡村', 'Sora概念(手机视频)', 'ST板块', '算力租赁', '钛白粉概念', '太赫兹', '碳交易', '碳纤维', '碳中和', '特钢概念', '特高压', '腾讯概念', '特色小镇', '特斯拉概念', '天津自贸区', '天然气', '体育产业', '金属铜', '同花顺出海50', '同花顺漂亮100', '同花顺中特估100', '铜缆高速连接', '统一大市场', 'TOPCON电池', '土地流转', '托育服务', '土壤修复', '网红经济', '网络游戏', '网约车', 'MCU芯片', '卫星导航', '文化传媒概念', 'WiFi6', '物联网', '无人机', '无人驾驶', '无人零售', '污水处理', '无线充电', '无线耳机', '物业管理', '雄安新区', '乡村振兴', '先进封装', '消毒剂', '消费电子概念', '小金属概念', '小米概念', '小米汽车', '细胞免疫治疗', '信创', '星闪概念', '新股与次新股', '新疆振兴', '新能源汽车', '芯片概念', '信托概念', '网络安全', '新型城镇化', '新型工业化', '新型烟草(电子烟)', '稀土永磁', '血氧仪', '虚拟电厂', '虚拟数字人', '虚拟现实', '牙科医疗', '烟草', '养鸡', '养老概念', '央企国企改革', '盐湖提锂', '眼科医疗', '液冷服务器', '页岩气', '一带一路', '移动支付', '医疗废物处理', '医美概念', '英伟达概念', '一体化压铸', '医疗器械概念', '有机硅概念', '幽门螺杆菌概念', '元宇宙', '粤港澳大湾区', '玉米', '云办公', '云计算', '云游戏', '语音技术', '预制菜', '医药电商', '在线教育', '中船系', '化债概念(AMC概念)', '智慧城市', '智慧灯杆', '智慧政务', '智能穿戴', '智能电网', '智能家居', '智能物流', '智能医疗', '智能音箱', '智能座舱', '知识产权保护', '职业教育', '中俄贸易概念', '中韩自贸区', '中芯国际概念', '中字头股票', '专精特新', '转基因', '注册制次新股', '猪肉', '证金持股', '摘帽', '装配式建筑', '足球概念']",5.0,[]
美国 美国2月工业产出月率(%),,baidu_calendar,2026-03-16 21:15,"公布值: nan, 预期: 0.1, 前值: 0.7",其他,0.0,"['货币金融服务', '其他金融业']","['国债', '金融']",5.0,[]
美国 美国2月产能利用率(%),,baidu_calendar,2026-03-16 21:15,"公布值: nan, 预期: 76.2, 前值: 76.2",其他,0.0,"['电力、热力生产和供应业', '燃气生产和供应业', '水的生产和供应业', '其他金融业']","['货币金融服务', '资本市场服务', '其他金融业']",5.0,[]
美国 美国3月NAHB房产市场指数,,baidu_calendar,2026-03-16 22:00,"公布值: nan, 预期: 37.0, 前值: 36.0",其他,0.0,"['电力、热力生产和供应业', '燃气生产和供应业', '水的生产和供应业', '其他金融业']","['货币金融服务', '其他金融业']",3.0,[]
美国 美国3月16日6个月期国债竞拍-中标利率(%),,baidu_calendar,2026-03-16 23:30,"公布值: nan, 预期: nan, 前值: 3.54",其他,0.0,"['电力、热力生产和供应业', '燃气生产和供应业', '水的生产和供应业', '其他金融业']","['货币金融服务', '其他金融业']",3.0,[]
美国 美国3月16日3个月期国债竞拍-高配置百分比(%),,baidu_calendar,2026-03-16 23:30,"公布值: nan, 预期: nan, 前值: 59.78",其他,0.0,"['电力、热力生产和供应业', '燃气生产和供应业', '水的生产和供应业', '其他金融业']","['货币金融服务', '资本市场服务', '其他金融业']",5.0,[]
美国 美国3月16日6个月期国债竞拍-投标倍数(亿美元),,baidu_calendar,2026-03-16 23:30,"公布值: nan, 预期: nan, 前值: 3.09",其他,0.0,"['货币金融服务', '其他金融业']","['国债', '利率']",5.0,[]
美国 美国3月16日6个月期国债竞拍-高配置百分比(%),,baidu_calendar,2026-03-16 23:30,"公布值: nan, 预期: nan, 前值: 32.35",,,,,,
美国 美国3月16日6个月期国债竞拍-总金额(亿美元),,baidu_calendar,2026-03-16 23:30,"公布值: nan, 预期: nan, 前值: 813.86",,,,,,
美国 美国3月16日3个月期国债竞拍-总金额(亿美元),,baidu_calendar,2026-03-16 23:30,"公布值: nan, 预期: nan, 前值: 940.7",,,,,,
美国 美国3月16日3个月期国债竞拍-投标倍数(亿美元),,baidu_calendar,2026-03-16 23:30,"公布值: nan, 预期: nan, 前值: 2.92",,,,,,
美国 美国3月16日3个月期国债竞拍-中标利率(%),,baidu_calendar,2026-03-16 23:30,"公布值: nan, 预期: nan, 前值: 3.6",,,,,,
